ProductSurrogateKey,ProductID,ProductNumber,ProductName,StandardCost,ListPrice,ProductLine,SafetyStockLevel,ProductSubcategoryName,ProductcategoryName,ModifiedDate
0,1,AR-5381,Adjustable Race,0,0,,1000,,,2008-03-11 10:01:36.827000000
1,2,BA-8327,Bearing Ball,0,0,,1000,,,2008-03-11 10:01:36.827000000
2,3,BE-2349,BB Ball Bearing,0,0,,800,,,2008-03-11 10:01:36.827000000
3,4,BE-2908,Headset Ball Bearings,0,0,,800,,,2008-03-11 10:01:36.827000000
4,316,BL-2036,Blade,0,0,,800,,,2008-03-11 10:01:36.827000000
5,317,CA-5965,LL Crankarm,0,0,,500,,,2008-03-11 10:01:36.827000000
6,318,CA-6738,ML Crankarm,0,0,,500,,,2008-03-11 10:01:36.827000000
7,319,CA-7457,HL Crankarm,0,0,,500,,,2008-03-11 10:01:36.827000000
8,320,CB-2903,Chainring Bolts,0,0,,1000,,,2008-03-11 10:01:36.827000000
9,321,CN-6137,Chainring Nut,0,0,,1000,,,2008-03-11 10:01:36.827000000
10,322,CR-7833,Chainring,0,0,,1000,,,2008-03-11 10:01:36.827000000
11,323,CR-9981,Crown Race,0,0,,1000,,,2008-03-11 10:01:36.827000000
12,324,CS-2812,Chain Stays,0,0,,1000,,,2008-03-11 10:01:36.827000000
13,325,DC-8732,Decal 1,0,0,,1000,,,2008-03-11 10:01:36.827000000
14,326,DC-9824,Decal 2,0,0,,1000,,,2008-03-11 10:01:36.827000000
15,327,DT-2377,Down Tube,0,0,,800,,,2008-03-11 10:01:36.827000000
16,328,EC-M092,Mountain End Caps,0,0,,1000,,,2008-03-11 10:01:36.827000000
17,329,EC-R098,Road End Caps,0,0,,1000,,,2008-03-11 10:01:36.827000000
18,330,EC-T209,Touring End Caps,0,0,,1000,,,2008-03-11 10:01:36.827000000
19,331,FE-3760,Fork End,0,0,,800,,,2008-03-11 10:01:36.827000000
20,332,FH-2981,Freewheel,0,0,,500,,,2008-03-11 10:01:36.827000000
21,341,FW-1000,Flat Washer 1,0,0,,1000,,,2008-03-11 10:01:36.827000000
22,342,FW-1200,Flat Washer 6,0,0,,1000,,,2008-03-11 10:01:36.827000000
23,343,FW-1400,Flat Washer 2,0,0,,1000,,,2008-03-11 10:01:36.827000000
24,344,FW-3400,Flat Washer 9,0,0,,1000,,,2008-03-11 10:01:36.827000000
25,345,FW-3800,Flat Washer 4,0,0,,1000,,,2008-03-11 10:01:36.827000000
26,346,FW-5160,Flat Washer 3,0,0,,1000,,,2008-03-11 10:01:36.827000000
27,347,FW-5800,Flat Washer 8,0,0,,1000,,,2008-03-11 10:01:36.827000000
28,348,FW-7160,Flat Washer 5,0,0,,1000,,,2008-03-11 10:01:36.827000000
29,349,FW-9160,Flat Washer 7,0,0,,1000,,,2008-03-11 10:01:36.827000000
30,350,FC-3654,Fork Crown,0,0,,800,,,2008-03-11 10:01:36.827000000
31,351,FC-3982,Front Derailleur Cage,0,0,,800,,,2008-03-11 10:01:36.827000000
32,352,FL-2301,Front Derailleur Linkage,0,0,,800,,,2008-03-11 10:01:36.827000000
33,355,GP-0982,Guide Pulley,0,0,,800,,,2008-03-11 10:01:36.827000000
34,356,GT-0820,LL Grip Tape,0,0,,800,,,2008-03-11 10:01:36.827000000
35,357,GT-1209,ML Grip Tape,0,0,,800,,,2008-03-11 10:01:36.827000000
36,358,GT-2908,HL Grip Tape,0,0,,800,,,2008-03-11 10:01:36.827000000
37,359,HJ-1213,Thin-Jam Hex Nut 9,0,0,,1000,,,2008-03-11 10:01:36.827000000
38,360,HJ-1220,Thin-Jam Hex Nut 10,0,0,,1000,,,2008-03-11 10:01:36.827000000
39,361,HJ-1420,Thin-Jam Hex Nut 1,0,0,,1000,,,2008-03-11 10:01:36.827000000
40,362,HJ-1428,Thin-Jam Hex Nut 2,0,0,,1000,,,2008-03-11 10:01:36.827000000
41,363,HJ-3410,Thin-Jam Hex Nut 15,0,0,,1000,,,2008-03-11 10:01:36.827000000
42,364,HJ-3416,Thin-Jam Hex Nut 16,0,0,,1000,,,2008-03-11 10:01:36.827000000
43,365,HJ-3816,Thin-Jam Hex Nut 5,0,0,,1000,,,2008-03-11 10:01:36.827000000
44,366,HJ-3824,Thin-Jam Hex Nut 6,0,0,,1000,,,2008-03-11 10:01:36.827000000
45,367,HJ-5161,Thin-Jam Hex Nut 3,0,0,,1000,,,2008-03-11 10:01:36.827000000
46,368,HJ-5162,Thin-Jam Hex Nut 4,0,0,,1000,,,2008-03-11 10:01:36.827000000
47,369,HJ-5811,Thin-Jam Hex Nut 13,0,0,,1000,,,2008-03-11 10:01:36.827000000
48,370,HJ-5818,Thin-Jam Hex Nut 14,0,0,,1000,,,2008-03-11 10:01:36.827000000
49,371,HJ-7161,Thin-Jam Hex Nut 7,0,0,,1000,,,2008-03-11 10:01:36.827000000
50,372,HJ-7162,Thin-Jam Hex Nut 8,0,0,,1000,,,2008-03-11 10:01:36.827000000
51,373,HJ-9080,Thin-Jam Hex Nut 12,0,0,,1000,,,2008-03-11 10:01:36.827000000
52,374,HJ-9161,Thin-Jam Hex Nut 11,0,0,,1000,,,2008-03-11 10:01:36.827000000
53,375,HN-1024,Hex Nut 5,0,0,,1000,,,2008-03-11 10:01:36.827000000
54,376,HN-1032,Hex Nut 6,0,0,,1000,,,2008-03-11 10:01:36.827000000
55,377,HN-1213,Hex Nut 16,0,0,,1000,,,2008-03-11 10:01:36.827000000
56,378,HN-1220,Hex Nut 17,0,0,,1000,,,2008-03-11 10:01:36.827000000
57,379,HN-1224,Hex Nut 7,0,0,,1000,,,2008-03-11 10:01:36.827000000
58,380,HN-1420,Hex Nut 8,0,0,,1000,,,2008-03-11 10:01:36.827000000
59,381,HN-1428,Hex Nut 9,0,0,,1000,,,2008-03-11 10:01:36.827000000
60,382,HN-3410,Hex Nut 22,0,0,,1000,,,2008-03-11 10:01:36.827000000
61,383,HN-3416,Hex Nut 23,0,0,,1000,,,2008-03-11 10:01:36.827000000
62,384,HN-3816,Hex Nut 12,0,0,,1000,,,2008-03-11 10:01:36.827000000
63,385,HN-3824,Hex Nut 13,0,0,,1000,,,2008-03-11 10:01:36.827000000
64,386,HN-4402,Hex Nut 1,0,0,,1000,,,2008-03-11 10:01:36.827000000
65,387,HN-5161,Hex Nut 10,0,0,,1000,,,2008-03-11 10:01:36.827000000
66,388,HN-5162,Hex Nut 11,0,0,,1000,,,2008-03-11 10:01:36.827000000
67,389,HN-5400,Hex Nut 2,0,0,,1000,,,2008-03-11 10:01:36.827000000
68,390,HN-5811,Hex Nut 20,0,0,,1000,,,2008-03-11 10:01:36.827000000
69,391,HN-5818,Hex Nut 21,0,0,,1000,,,2008-03-11 10:01:36.827000000
70,392,HN-6320,Hex Nut 3,0,0,,1000,,,2008-03-11 10:01:36.827000000
71,393,HN-7161,Hex Nut 14,0,0,,1000,,,2008-03-11 10:01:36.827000000
72,394,HN-7162,Hex Nut 15,0,0,,1000,,,2008-03-11 10:01:36.827000000
73,395,HN-8320,Hex Nut 4,0,0,,1000,,,2008-03-11 10:01:36.827000000
74,396,HN-9161,Hex Nut 18,0,0,,1000,,,2008-03-11 10:01:36.827000000
75,397,HN-9168,Hex Nut 19,0,0,,1000,,,2008-03-11 10:01:36.827000000
76,398,HT-2981,Handlebar Tube,0,0,,800,,,2008-03-11 10:01:36.827000000
77,399,HT-8019,Head Tube,0,0,,800,,,2008-03-11 10:01:36.827000000
78,400,HU-6280,LL Hub,0,0,,500,,,2008-03-11 10:01:36.827000000
79,401,HU-8998,HL Hub,0,0,,500,,,2008-03-11 10:01:36.827000000
80,402,KW-4091,Keyed Washer,0,0,,1000,,,2008-03-11 10:01:36.827000000
81,403,LE-1000,External Lock Washer 3,0,0,,1000,,,2008-03-11 10:01:36.827000000
82,404,LE-1200,External Lock Washer 4,0,0,,1000,,,2008-03-11 10:01:36.827000000
83,405,LE-1201,External Lock Washer 9,0,0,,1000,,,2008-03-11 10:01:36.827000000
84,406,LE-1400,External Lock Washer 5,0,0,,1000,,,2008-03-11 10:01:36.827000000
85,407,LE-3800,External Lock Washer 7,0,0,,1000,,,2008-03-11 10:01:36.827000000
86,408,LE-5160,External Lock Washer 6,0,0,,1000,,,2008-03-11 10:01:36.827000000
87,409,LE-6000,External Lock Washer 1,0,0,,1000,,,2008-03-11 10:01:36.827000000
88,410,LE-7160,External Lock Washer 8,0,0,,1000,,,2008-03-11 10:01:36.827000000
89,411,LE-8000,External Lock Washer 2,0,0,,1000,,,2008-03-11 10:01:36.827000000
90,412,LI-1000,Internal Lock Washer 3,0,0,,1000,,,2008-03-11 10:01:36.827000000
91,413,LI-1200,Internal Lock Washer 4,0,0,,1000,,,2008-03-11 10:01:36.827000000
92,414,LI-1201,Internal Lock Washer 9,0,0,,1000,,,2008-03-11 10:01:36.827000000
93,415,LI-1400,Internal Lock Washer 5,0,0,,1000,,,2008-03-11 10:01:36.827000000
94,416,LI-3800,Internal Lock Washer 7,0,0,,1000,,,2008-03-11 10:01:36.827000000
95,417,LI-5160,Internal Lock Washer 6,0,0,,1000,,,2008-03-11 10:01:36.827000000
96,418,LI-5800,Internal Lock Washer 10,0,0,,1000,,,2008-03-11 10:01:36.827000000
97,419,LI-6000,Internal Lock Washer 1,0,0,,1000,,,2008-03-11 10:01:36.827000000
98,420,LI-7160,Internal Lock Washer 8,0,0,,1000,,,2008-03-11 10:01:36.827000000
99,421,LI-8000,Internal Lock Washer 2,0,0,,1000,,,2008-03-11 10:01:36.827000000
100,422,LJ-1213,Thin-Jam Lock Nut 9,0,0,,1000,,,2008-03-11 10:01:36.827000000
101,423,LJ-1220,Thin-Jam Lock Nut 10,0,0,,1000,,,2008-03-11 10:01:36.827000000
102,424,LJ-1420,Thin-Jam Lock Nut 1,0,0,,1000,,,2008-03-11 10:01:36.827000000
103,425,LJ-1428,Thin-Jam Lock Nut 2,0,0,,1000,,,2008-03-11 10:01:36.827000000
104,426,LJ-3410,Thin-Jam Lock Nut 15,0,0,,1000,,,2008-03-11 10:01:36.827000000
105,427,LJ-3416,Thin-Jam Lock Nut 16,0,0,,1000,,,2008-03-11 10:01:36.827000000
106,428,LJ-3816,Thin-Jam Lock Nut 5,0,0,,1000,,,2008-03-11 10:01:36.827000000
107,429,LJ-3824,Thin-Jam Lock Nut 6,0,0,,1000,,,2008-03-11 10:01:36.827000000
108,430,LJ-5161,Thin-Jam Lock Nut 3,0,0,,1000,,,2008-03-11 10:01:36.827000000
109,431,LJ-5162,Thin-Jam Lock Nut 4,0,0,,1000,,,2008-03-11 10:01:36.827000000
110,432,LJ-5811,Thin-Jam Lock Nut 13,0,0,,1000,,,2008-03-11 10:01:36.827000000
111,433,LJ-5818,Thin-Jam Lock Nut 14,0,0,,1000,,,2008-03-11 10:01:36.827000000
112,434,LJ-7161,Thin-Jam Lock Nut 7,0,0,,1000,,,2008-03-11 10:01:36.827000000
113,435,LJ-7162,Thin-Jam Lock Nut 8,0,0,,1000,,,2008-03-11 10:01:36.827000000
114,436,LJ-9080,Thin-Jam Lock Nut 12,0,0,,1000,,,2008-03-11 10:01:36.827000000
115,437,LJ-9161,Thin-Jam Lock Nut 11,0,0,,1000,,,2008-03-11 10:01:36.827000000
116,438,LN-1024,Lock Nut 5,0,0,,1000,,,2008-03-11 10:01:36.827000000
117,439,LN-1032,Lock Nut 6,0,0,,1000,,,2008-03-11 10:01:36.827000000
118,440,LN-1213,Lock Nut 16,0,0,,1000,,,2008-03-11 10:01:36.827000000
119,441,LN-1220,Lock Nut 17,0,0,,1000,,,2008-03-11 10:01:36.827000000
120,442,LN-1224,Lock Nut 7,0,0,,1000,,,2008-03-11 10:01:36.827000000
121,443,LN-1420,Lock Nut 8,0,0,,1000,,,2008-03-11 10:01:36.827000000
122,444,LN-1428,Lock Nut 9,0,0,,1000,,,2008-03-11 10:01:36.827000000
123,445,LN-3410,Lock Nut 22,0,0,,1000,,,2008-03-11 10:01:36.827000000
124,446,LN-3416,Lock Nut 23,0,0,,1000,,,2008-03-11 10:01:36.827000000
125,447,LN-3816,Lock Nut 12,0,0,,1000,,,2008-03-11 10:01:36.827000000
126,448,LN-3824,Lock Nut 13,0,0,,1000,,,2008-03-11 10:01:36.827000000
127,449,LN-4400,Lock Nut 1,0,0,,1000,,,2008-03-11 10:01:36.827000000
128,450,LN-5161,Lock Nut 10,0,0,,1000,,,2008-03-11 10:01:36.827000000
129,451,LN-5162,Lock Nut 11,0,0,,1000,,,2008-03-11 10:01:36.827000000
130,452,LN-5400,Lock Nut 2,0,0,,1000,,,2008-03-11 10:01:36.827000000
131,453,LN-5811,Lock Nut 20,0,0,,1000,,,2008-03-11 10:01:36.827000000
132,454,LN-5818,Lock Nut 21,0,0,,1000,,,2008-03-11 10:01:36.827000000
133,455,LN-6320,Lock Nut 3,0,0,,1000,,,2008-03-11 10:01:36.827000000
134,456,LN-7161,Lock Nut 14,0,0,,1000,,,2008-03-11 10:01:36.827000000
135,457,LN-7162,Lock Nut 15,0,0,,1000,,,2008-03-11 10:01:36.827000000
136,458,LN-8320,Lock Nut 4,0,0,,1000,,,2008-03-11 10:01:36.827000000
137,459,LN-9080,Lock Nut 19,0,0,,1000,,,2008-03-11 10:01:36.827000000
138,460,LN-9161,Lock Nut 18,0,0,,1000,,,2008-03-11 10:01:36.827000000
139,461,LR-2398,Lock Ring,0,0,,1000,,,2008-03-11 10:01:36.827000000
140,462,LR-8520,Lower Head Race,0,0,,1000,,,2008-03-11 10:01:36.827000000
141,463,LW-1000,Lock Washer 4,0,0,,1000,,,2008-03-11 10:01:36.827000000
142,464,LW-1200,Lock Washer 5,0,0,,1000,,,2008-03-11 10:01:36.827000000
143,465,LW-1201,Lock Washer 10,0,0,,1000,,,2008-03-11 10:01:36.827000000
144,466,LW-1400,Lock Washer 6,0,0,,1000,,,2008-03-11 10:01:36.827000000
145,467,LW-3400,Lock Washer 13,0,0,,1000,,,2008-03-11 10:01:36.827000000
146,468,LW-3800,Lock Washer 8,0,0,,1000,,,2008-03-11 10:01:36.827000000
147,469,LW-4000,Lock Washer 1,0,0,,1000,,,2008-03-11 10:01:36.827000000
148,470,LW-5160,Lock Washer 7,0,0,,1000,,,2008-03-11 10:01:36.827000000
149,471,LW-5800,Lock Washer 12,0,0,,1000,,,2008-03-11 10:01:36.827000000
150,472,LW-6000,Lock Washer 2,0,0,,1000,,,2008-03-11 10:01:36.827000000
151,473,LW-7160,Lock Washer 9,0,0,,1000,,,2008-03-11 10:01:36.827000000
152,474,LW-8000,Lock Washer 3,0,0,,1000,,,2008-03-11 10:01:36.827000000
153,475,LW-9160,Lock Washer 11,0,0,,1000,,,2008-03-11 10:01:36.827000000
154,476,MA-7075,Metal Angle,0,0,,1000,,,2008-03-11 10:01:36.827000000
155,477,MB-2024,Metal Bar 1,0,0,,1000,,,2008-03-11 10:01:36.827000000
156,478,MB-6061,Metal Bar 2,0,0,,1000,,,2008-03-11 10:01:36.827000000
157,479,MP-2066,Metal Plate 2,0,0,,1000,,,2008-03-11 10:01:36.827000000
158,480,MP-2503,Metal Plate 1,0,0,,1000,,,2008-03-11 10:01:36.827000000
159,481,MP-4960,Metal Plate 3,0,0,,1000,,,2008-03-11 10:01:36.827000000
160,482,MS-0253,Metal Sheet 2,0,0,,1000,,,2008-03-11 10:01:36.827000000
161,483,MS-1256,Metal Sheet 3,0,0,,1000,,,2008-03-11 10:01:36.827000000
162,484,MS-1981,Metal Sheet 7,0,0,,1000,,,2008-03-11 10:01:36.827000000
163,485,MS-2259,Metal Sheet 4,0,0,,1000,,,2008-03-11 10:01:36.827000000
164,486,MS-2341,Metal Sheet 5,0,0,,1000,,,2008-03-11 10:01:36.827000000
165,487,MS-2348,Metal Sheet 6,0,0,,1000,,,2008-03-11 10:01:36.827000000
166,488,MS-6061,Metal Sheet 1,0,0,,1000,,,2008-03-11 10:01:36.827000000
167,489,MT-1000,Metal Tread Plate,0,0,,1000,,,2008-03-11 10:01:36.827000000
168,490,NI-4127,LL Nipple,0,0,,1000,,,2008-03-11 10:01:36.827000000
169,491,NI-9522,HL Nipple,0,0,,1000,,,2008-03-11 10:01:36.827000000
170,492,PA-187B,Paint - Black,0,0,,60,,,2008-03-11 10:01:36.827000000
171,493,PA-361R,Paint - Red,0,0,,60,,,2008-03-11 10:01:36.827000000
172,494,PA-529S,Paint - Silver,0,0,,60,,,2008-03-11 10:01:36.827000000
173,495,PA-632U,Paint - Blue,0,0,,60,,,2008-03-11 10:01:36.827000000
174,496,PA-823Y,Paint - Yellow,0,0,,60,,,2008-03-11 10:01:36.827000000
175,497,PB-6109,Pinch Bolt,0,0,,1000,,,2008-03-11 10:01:36.827000000
176,504,RA-2345,Cup-Shaped Race,0,0,,1000,,,2008-03-11 10:01:36.827000000
177,505,RA-7490,Cone-Shaped Race,0,0,,1000,,,2008-03-11 10:01:36.827000000
178,506,RF-9198,Reflector,0,0,,1000,,,2008-03-11 10:01:36.827000000
179,507,RM-M464,LL Mountain Rim,0,0,,800,,,2008-03-11 10:01:36.827000000
180,508,RM-M692,ML Mountain Rim,0,0,,800,,,2008-03-11 10:01:36.827000000
181,509,RM-M823,HL Mountain Rim,0,0,,800,,,2008-03-11 10:01:36.827000000
182,510,RM-R436,LL Road Rim,0,0,,800,,,2008-03-11 10:01:36.827000000
183,511,RM-R600,ML Road Rim,0,0,,800,,,2008-03-11 10:01:36.827000000
184,512,RM-R800,HL Road Rim,0,0,,800,,,2008-03-11 10:01:36.827000000
185,513,RM-T801,Touring Rim,0,0,,800,,,2008-03-11 10:01:36.827000000
186,514,SA-M198,LL Mountain Seat Assembly,98.77,133.34,,500,,,2008-03-11 10:01:36.827000000
187,515,SA-M237,ML Mountain Seat Assembly,108.99,147.14,,500,,,2008-03-11 10:01:36.827000000
188,516,SA-M687,HL Mountain Seat Assembly,145.87,196.92,,500,,,2008-03-11 10:01:36.827000000
189,517,SA-R127,LL Road Seat Assembly,98.77,133.34,,500,,,2008-03-11 10:01:36.827000000
190,518,SA-R430,ML Road Seat Assembly,108.99,147.14,,500,,,2008-03-11 10:01:36.827000000
191,519,SA-R522,HL Road Seat Assembly,145.87,196.92,,500,,,2008-03-11 10:01:36.827000000
192,520,SA-T467,LL Touring Seat Assembly,98.77,133.34,,500,,,2008-03-11 10:01:36.827000000
193,521,SA-T612,ML Touring Seat Assembly,108.99,147.14,,500,,,2008-03-11 10:01:36.827000000
194,522,SA-T872,HL Touring Seat Assembly,145.87,196.92,,500,,,2008-03-11 10:01:36.827000000
195,523,SD-2342,LL Spindle/Axle,0,0,,500,,,2008-03-11 10:01:36.827000000
196,524,SD-9872,HL Spindle/Axle,0,0,,500,,,2008-03-11 10:01:36.827000000
197,525,SH-4562,LL Shell,0,0,,800,,,2008-03-11 10:01:36.827000000
198,526,SH-9312,HL Shell,0,0,,800,,,2008-03-11 10:01:36.827000000
199,527,SK-9283,Spokes,0,0,,1000,,,2008-03-11 10:01:36.827000000
200,528,SL-0931,Seat Lug,0,0,,1000,,,2008-03-11 10:01:36.827000000
201,529,SM-9087,Stem,0,0,,500,,,2008-03-11 10:01:36.827000000
202,530,SP-2981,Seat Post,0,0,,500,,,2008-03-11 10:01:36.827000000
203,531,SR-2098,Steerer,0,0,,500,,,2008-03-11 10:01:36.827000000
204,532,SS-2985,Seat Stays,0,0,,800,,,2008-03-11 10:01:36.827000000
205,533,ST-9828,Seat Tube,0,0,,500,,,2008-03-11 10:01:36.827000000
206,534,TO-2301,Top Tube,0,0,,500,,,2008-03-11 10:01:36.827000000
207,535,TP-0923,Tension Pulley,0,0,,800,,,2008-03-11 10:01:36.827000000
208,679,RC-0291,Rear Derailleur Cage,0,0,,500,,,2008-03-11 10:01:36.827000000
209,680,FR-R92B-58,HL Road Frame - Black, 58,1059.31,1431.5,R ,500,Road Frames,Components,2008-03-11 10:01:36.827000000
210,706,FR-R92R-58,HL Road Frame - Red, 58,1059.31,1431.5,R ,500,Road Frames,Components,2008-03-11 10:01:36.827000000
211,707,HL-U509-R,Sport-100 Helmet, Red,13.0863,34.99,S ,4,Helmets,Accessories,2008-03-11 10:01:36.827000000
212,708,HL-U509,Sport-100 Helmet, Black,13.0863,34.99,S ,4,Helmets,Accessories,2008-03-11 10:01:36.827000000
213,709,SO-B909-M,Mountain Bike Socks, M,3.3963,9.5,M ,4,Socks,Clothing,2008-03-11 10:01:36.827000000
214,710,SO-B909-L,Mountain Bike Socks, L,3.3963,9.5,M ,4,Socks,Clothing,2008-03-11 10:01:36.827000000
215,711,HL-U509-B,Sport-100 Helmet, Blue,13.0863,34.99,S ,4,Helmets,Accessories,2008-03-11 10:01:36.827000000
216,712,CA-1098,AWC Logo Cap,6.9223,8.99,S ,4,Caps,Clothing,2008-03-11 10:01:36.827000000
217,713,LJ-0192-S,Long-Sleeve Logo Jersey, S,38.4923,49.99,S ,4,Jerseys,Clothing,2008-03-11 10:01:36.827000000
218,714,LJ-0192-M,Long-Sleeve Logo Jersey, M,38.4923,49.99,S ,4,Jerseys,Clothing,2008-03-11 10:01:36.827000000
219,715,LJ-0192-L,Long-Sleeve Logo Jersey, L,38.4923,49.99,S ,4,Jerseys,Clothing,2008-03-11 10:01:36.827000000
220,716,LJ-0192-X,Long-Sleeve Logo Jersey, XL,38.4923,49.99,S ,4,Jerseys,Clothing,2008-03-11 10:01:36.827000000
221,717,FR-R92R-62,HL Road Frame - Red, 62,868.6342,1431.5,R ,500,Road Frames,Components,2008-03-11 10:01:36.827000000
222,718,FR-R92R-44,HL Road Frame - Red, 44,868.6342,1431.5,R ,500,Road Frames,Components,2008-03-11 10:01:36.827000000
223,719,FR-R92R-48,HL Road Frame - Red, 48,868.6342,1431.5,R ,500,Road Frames,Components,2008-03-11 10:01:36.827000000
224,720,FR-R92R-52,HL Road Frame - Red, 52,868.6342,1431.5,R ,500,Road Frames,Components,2008-03-11 10:01:36.827000000
225,721,FR-R92R-56,HL Road Frame - Red, 56,868.6342,1431.5,R ,500,Road Frames,Components,2008-03-11 10:01:36.827000000
226,722,FR-R38B-58,LL Road Frame - Black, 58,204.6251,337.22,R ,500,Road Frames,Components,2008-03-11 10:01:36.827000000
227,723,FR-R38B-60,LL Road Frame - Black, 60,204.6251,337.22,R ,500,Road Frames,Components,2008-03-11 10:01:36.827000000
228,724,FR-R38B-62,LL Road Frame - Black, 62,204.6251,337.22,R ,500,Road Frames,Components,2008-03-11 10:01:36.827000000
229,725,FR-R38R-44,LL Road Frame - Red, 44,187.1571,337.22,R ,500,Road Frames,Components,2008-03-11 10:01:36.827000000
230,726,FR-R38R-48,LL Road Frame - Red, 48,187.1571,337.22,R ,500,Road Frames,Components,2008-03-11 10:01:36.827000000
231,727,FR-R38R-52,LL Road Frame - Red, 52,187.1571,337.22,R ,500,Road Frames,Components,2008-03-11 10:01:36.827000000
232,728,FR-R38R-58,LL Road Frame - Red, 58,187.1571,337.22,R ,500,Road Frames,Components,2008-03-11 10:01:36.827000000
233,729,FR-R38R-60,LL Road Frame - Red, 60,187.1571,337.22,R ,500,Road Frames,Components,2008-03-11 10:01:36.827000000
234,730,FR-R38R-62,LL Road Frame - Red, 62,187.1571,337.22,R ,500,Road Frames,Components,2008-03-11 10:01:36.827000000
235,731,FR-R72R-44,ML Road Frame - Red, 44,352.1394,594.83,R ,500,Road Frames,Components,2008-03-11 10:01:36.827000000
236,732,FR-R72R-48,ML Road Frame - Red, 48,352.1394,594.83,R ,500,Road Frames,Components,2008-03-11 10:01:36.827000000
237,733,FR-R72R-52,ML Road Frame - Red, 52,352.1394,594.83,R ,500,Road Frames,Components,2008-03-11 10:01:36.827000000
238,734,FR-R72R-58,ML Road Frame - Red, 58,352.1394,594.83,R ,500,Road Frames,Components,2008-03-11 10:01:36.827000000
239,735,FR-R72R-60,ML Road Frame - Red, 60,352.1394,594.83,R ,500,Road Frames,Components,2008-03-11 10:01:36.827000000
240,736,FR-R38B-44,LL Road Frame - Black, 44,204.6251,337.22,R ,500,Road Frames,Components,2008-03-11 10:01:36.827000000
241,737,FR-R38B-48,LL Road Frame - Black, 48,204.6251,337.22,R ,500,Road Frames,Components,2008-03-11 10:01:36.827000000
242,738,FR-R38B-52,LL Road Frame - Black, 52,204.6251,337.22,R ,500,Road Frames,Components,2008-03-11 10:01:36.827000000
243,739,FR-M94S-42,HL Mountain Frame - Silver, 42,747.2002,1364.5,M ,500,Mountain Frames,Components,2008-03-11 10:01:36.827000000
244,740,FR-M94S-44,HL Mountain Frame - Silver, 44,706.811,1364.5,M ,500,Mountain Frames,Components,2008-03-11 10:01:36.827000000
245,741,FR-M94S-52,HL Mountain Frame - Silver, 48,706.811,1364.5,M ,500,Mountain Frames,Components,2008-03-11 10:01:36.827000000
246,742,FR-M94S-46,HL Mountain Frame - Silver, 46,747.2002,1364.5,M ,500,Mountain Frames,Components,2008-03-11 10:01:36.827000000
247,743,FR-M94B-42,HL Mountain Frame - Black, 42,739.041,1349.6,M ,500,Mountain Frames,Components,2008-03-11 10:01:36.827000000
248,744,FR-M94B-44,HL Mountain Frame - Black, 44,699.0928,1349.6,M ,500,Mountain Frames,Components,2008-03-11 10:01:36.827000000
249,745,FR-M94B-48,HL Mountain Frame - Black, 48,699.0928,1349.6,M ,500,Mountain Frames,Components,2008-03-11 10:01:36.827000000
250,746,FR-M94B-46,HL Mountain Frame - Black, 46,739.041,1349.6,M ,500,Mountain Frames,Components,2008-03-11 10:01:36.827000000
251,747,FR-M94B-38,HL Mountain Frame - Black, 38,739.041,1349.6,M ,500,Mountain Frames,Components,2008-03-11 10:01:36.827000000
252,748,FR-M94S-38,HL Mountain Frame - Silver, 38,747.2002,1364.5,M ,500,Mountain Frames,Components,2008-03-11 10:01:36.827000000
253,749,BK-R93R-62,Road-150 Red, 62,2171.2942,3578.27,R ,100,Road Bikes,Bikes,2008-03-11 10:01:36.827000000
254,750,BK-R93R-44,Road-150 Red, 44,2171.2942,3578.27,R ,100,Road Bikes,Bikes,2008-03-11 10:01:36.827000000
255,751,BK-R93R-48,Road-150 Red, 48,2171.2942,3578.27,R ,100,Road Bikes,Bikes,2008-03-11 10:01:36.827000000
256,752,BK-R93R-52,Road-150 Red, 52,2171.2942,3578.27,R ,100,Road Bikes,Bikes,2008-03-11 10:01:36.827000000
257,753,BK-R93R-56,Road-150 Red, 56,2171.2942,3578.27,R ,100,Road Bikes,Bikes,2008-03-11 10:01:36.827000000
258,754,BK-R68R-58,Road-450 Red, 58,884.7083,1457.99,R ,100,Road Bikes,Bikes,2008-03-11 10:01:36.827000000
259,755,BK-R68R-60,Road-450 Red, 60,884.7083,1457.99,R ,100,Road Bikes,Bikes,2008-03-11 10:01:36.827000000
260,756,BK-R68R-44,Road-450 Red, 44,884.7083,1457.99,R ,100,Road Bikes,Bikes,2008-03-11 10:01:36.827000000
261,757,BK-R68R-48,Road-450 Red, 48,884.7083,1457.99,R ,100,Road Bikes,Bikes,2008-03-11 10:01:36.827000000
262,758,BK-R68R-52,Road-450 Red, 52,884.7083,1457.99,R ,100,Road Bikes,Bikes,2008-03-11 10:01:36.827000000
263,759,BK-R50R-58,Road-650 Red, 58,486.7066,782.99,R ,100,Road Bikes,Bikes,2008-03-11 10:01:36.827000000
264,760,BK-R50R-60,Road-650 Red, 60,486.7066,782.99,R ,100,Road Bikes,Bikes,2008-03-11 10:01:36.827000000
265,761,BK-R50R-62,Road-650 Red, 62,486.7066,782.99,R ,100,Road Bikes,Bikes,2008-03-11 10:01:36.827000000
266,762,BK-R50R-44,Road-650 Red, 44,486.7066,782.99,R ,100,Road Bikes,Bikes,2008-03-11 10:01:36.827000000
267,763,BK-R50R-48,Road-650 Red, 48,486.7066,782.99,R ,100,Road Bikes,Bikes,2008-03-11 10:01:36.827000000
268,764,BK-R50R-52,Road-650 Red, 52,486.7066,782.99,R ,100,Road Bikes,Bikes,2008-03-11 10:01:36.827000000
269,765,BK-R50B-58,Road-650 Black, 58,486.7066,782.99,R ,100,Road Bikes,Bikes,2008-03-11 10:01:36.827000000
270,766,BK-R50B-60,Road-650 Black, 60,486.7066,782.99,R ,100,Road Bikes,Bikes,2008-03-11 10:01:36.827000000
271,767,BK-R50B-62,Road-650 Black, 62,486.7066,782.99,R ,100,Road Bikes,Bikes,2008-03-11 10:01:36.827000000
272,768,BK-R50B-44,Road-650 Black, 44,486.7066,782.99,R ,100,Road Bikes,Bikes,2008-03-11 10:01:36.827000000
273,769,BK-R50B-48,Road-650 Black, 48,486.7066,782.99,R ,100,Road Bikes,Bikes,2008-03-11 10:01:36.827000000
274,770,BK-R50B-52,Road-650 Black, 52,486.7066,782.99,R ,100,Road Bikes,Bikes,2008-03-11 10:01:36.827000000
275,771,BK-M82S-38,Mountain-100 Silver, 38,1912.1544,3399.99,M ,100,Mountain Bikes,Bikes,2008-03-11 10:01:36.827000000
276,772,BK-M82S-42,Mountain-100 Silver, 42,1912.1544,3399.99,M ,100,Mountain Bikes,Bikes,2008-03-11 10:01:36.827000000
277,773,BK-M82S-44,Mountain-100 Silver, 44,1912.1544,3399.99,M ,100,Mountain Bikes,Bikes,2008-03-11 10:01:36.827000000
278,774,BK-M82S-48,Mountain-100 Silver, 48,1912.1544,3399.99,M ,100,Mountain Bikes,Bikes,2008-03-11 10:01:36.827000000
279,775,BK-M82B-38,Mountain-100 Black, 38,1898.0944,3374.99,M ,100,Mountain Bikes,Bikes,2008-03-11 10:01:36.827000000
280,776,BK-M82B-42,Mountain-100 Black, 42,1898.0944,3374.99,M ,100,Mountain Bikes,Bikes,2008-03-11 10:01:36.827000000
281,777,BK-M82B-44,Mountain-100 Black, 44,1898.0944,3374.99,M ,100,Mountain Bikes,Bikes,2008-03-11 10:01:36.827000000
282,778,BK-M82B-48,Mountain-100 Black, 48,1898.0944,3374.99,M ,100,Mountain Bikes,Bikes,2008-03-11 10:01:36.827000000
283,779,BK-M68S-38,Mountain-200 Silver, 38,1265.6195,2319.99,M ,100,Mountain Bikes,Bikes,2008-03-11 10:01:36.827000000
284,780,BK-M68S-42,Mountain-200 Silver, 42,1265.6195,2319.99,M ,100,Mountain Bikes,Bikes,2008-03-11 10:01:36.827000000
285,781,BK-M68S-46,Mountain-200 Silver, 46,1265.6195,2319.99,M ,100,Mountain Bikes,Bikes,2008-03-11 10:01:36.827000000
286,782,BK-M68B-38,Mountain-200 Black, 38,1251.9813,2294.99,M ,100,Mountain Bikes,Bikes,2008-03-11 10:01:36.827000000
287,783,BK-M68B-42,Mountain-200 Black, 42,1251.9813,2294.99,M ,100,Mountain Bikes,Bikes,2008-03-11 10:01:36.827000000
288,784,BK-M68B-46,Mountain-200 Black, 46,1251.9813,2294.99,M ,100,Mountain Bikes,Bikes,2008-03-11 10:01:36.827000000
289,785,BK-M47B-38,Mountain-300 Black, 38,598.4354,1079.99,M ,100,Mountain Bikes,Bikes,2008-03-11 10:01:36.827000000
290,786,BK-M47B-40,Mountain-300 Black, 40,598.4354,1079.99,M ,100,Mountain Bikes,Bikes,2008-03-11 10:01:36.827000000
291,787,BK-M47B-44,Mountain-300 Black, 44,598.4354,1079.99,M ,100,Mountain Bikes,Bikes,2008-03-11 10:01:36.827000000
292,788,BK-M47B-48,Mountain-300 Black, 48,598.4354,1079.99,M ,100,Mountain Bikes,Bikes,2008-03-11 10:01:36.827000000
293,789,BK-R89R-44,Road-250 Red, 44,1518.7864,2443.35,R ,100,Road Bikes,Bikes,2008-03-11 10:01:36.827000000
294,790,BK-R89R-48,Road-250 Red, 48,1518.7864,2443.35,R ,100,Road Bikes,Bikes,2008-03-11 10:01:36.827000000
295,791,BK-R89R-52,Road-250 Red, 52,1518.7864,2443.35,R ,100,Road Bikes,Bikes,2008-03-11 10:01:36.827000000
296,792,BK-R89R-58,Road-250 Red, 58,1554.9479,2443.35,R ,100,Road Bikes,Bikes,2008-03-11 10:01:36.827000000
297,793,BK-R89B-44,Road-250 Black, 44,1554.9479,2443.35,R ,100,Road Bikes,Bikes,2008-03-11 10:01:36.827000000
298,794,BK-R89B-48,Road-250 Black, 48,1554.9479,2443.35,R ,100,Road Bikes,Bikes,2008-03-11 10:01:36.827000000
299,795,BK-R89B-52,Road-250 Black, 52,1554.9479,2443.35,R ,100,Road Bikes,Bikes,2008-03-11 10:01:36.827000000
300,796,BK-R89B-58,Road-250 Black, 58,1554.9479,2443.35,R ,100,Road Bikes,Bikes,2008-03-11 10:01:36.827000000
301,797,BK-R64Y-38,Road-550-W Yellow, 38,713.0798,1120.49,R ,100,Road Bikes,Bikes,2008-03-11 10:01:36.827000000
302,798,BK-R64Y-40,Road-550-W Yellow, 40,713.0798,1120.49,R ,100,Road Bikes,Bikes,2008-03-11 10:01:36.827000000
303,799,BK-R64Y-42,Road-550-W Yellow, 42,713.0798,1120.49,R ,100,Road Bikes,Bikes,2008-03-11 10:01:36.827000000
304,800,BK-R64Y-44,Road-550-W Yellow, 44,713.0798,1120.49,R ,100,Road Bikes,Bikes,2008-03-11 10:01:36.827000000
305,801,BK-R64Y-48,Road-550-W Yellow, 48,713.0798,1120.49,R ,100,Road Bikes,Bikes,2008-03-11 10:01:36.827000000
306,802,FK-1639,LL Fork,65.8097,148.22,,500,Forks,Components,2008-03-11 10:01:36.827000000
307,803,FK-5136,ML Fork,77.9176,175.49,,500,Forks,Components,2008-03-11 10:01:36.827000000
308,804,FK-9939,HL Fork,101.8936,229.49,,500,Forks,Components,2008-03-11 10:01:36.827000000
309,805,HS-0296,LL Headset,15.1848,34.2,,500,Headsets,Components,2008-03-11 10:01:36.827000000
310,806,HS-2451,ML Headset,45.4168,102.29,,500,Headsets,Components,2008-03-11 10:01:36.827000000
311,807,HS-3479,HL Headset,55.3801,124.73,,500,Headsets,Components,2008-03-11 10:01:36.827000000
312,808,HB-M243,LL Mountain Handlebars,19.7758,44.54,M ,500,Handlebars,Components,2008-03-11 10:01:36.827000000
313,809,HB-M763,ML Mountain Handlebars,27.4925,61.92,M ,500,Handlebars,Components,2008-03-11 10:01:36.827000000
314,810,HB-M918,HL Mountain Handlebars,53.3999,120.27,M ,500,Handlebars,Components,2008-03-11 10:01:36.827000000
315,811,HB-R504,LL Road Handlebars,19.7758,44.54,R ,500,Handlebars,Components,2008-03-11 10:01:36.827000000
316,812,HB-R720,ML Road Handlebars,27.4925,61.92,R ,500,Handlebars,Components,2008-03-11 10:01:36.827000000
317,813,HB-R956,HL Road Handlebars,53.3999,120.27,R ,500,Handlebars,Components,2008-03-11 10:01:36.827000000
318,814,FR-M63B-38,ML Mountain Frame - Black, 38,185.8193,348.76,M ,500,Mountain Frames,Components,2008-03-11 10:01:36.827000000
319,815,FW-M423,LL Mountain Front Wheel,26.9708,60.745,M ,500,Wheels,Components,2008-03-11 10:01:36.827000000
320,816,FW-M762,ML Mountain Front Wheel,92.8071,209.025,M ,500,Wheels,Components,2008-03-11 10:01:36.827000000
321,817,FW-M928,HL Mountain Front Wheel,133.2955,300.215,M ,500,Wheels,Components,2008-03-11 10:01:36.827000000
322,818,FW-R623,LL Road Front Wheel,37.9909,85.565,R ,500,Wheels,Components,2008-03-11 10:01:36.827000000
323,819,FW-R762,ML Road Front Wheel,110.2829,248.385,R ,500,Wheels,Components,2008-03-11 10:01:36.827000000
324,820,FW-R820,HL Road Front Wheel,146.5466,330.06,R ,500,Wheels,Components,2008-03-11 10:01:36.827000000
325,821,FW-T905,Touring Front Wheel,96.7964,218.01,T ,500,Wheels,Components,2008-03-11 10:01:36.827000000
326,822,FR-R72Y-38,ML Road Frame-W - Yellow, 38,360.9428,594.83,R ,500,Road Frames,Components,2008-03-11 10:01:36.827000000
327,823,RW-M423,LL Mountain Rear Wheel,38.9588,87.745,M ,500,Wheels,Components,2008-03-11 10:01:36.827000000
328,824,RW-M762,ML Mountain Rear Wheel,104.7951,236.025,M ,500,Wheels,Components,2008-03-11 10:01:36.827000000
329,825,RW-M928,HL Mountain Rear Wheel,145.2835,327.215,M ,500,Wheels,Components,2008-03-11 10:01:36.827000000
330,826,RW-R623,LL Road Rear Wheel,49.9789,112.565,R ,500,Wheels,Components,2008-03-11 10:01:36.827000000
331,827,RW-R762,ML Road Rear Wheel,122.2709,275.385,R ,500,Wheels,Components,2008-03-11 10:01:36.827000000
332,828,RW-R820,HL Road Rear Wheel,158.5346,357.06,R ,500,Wheels,Components,2008-03-11 10:01:36.827000000
333,829,RW-T905,Touring Rear Wheel,108.7844,245.01,T ,500,Wheels,Components,2008-03-11 10:01:36.827000000
334,830,FR-M63B-40,ML Mountain Frame - Black, 40,185.8193,348.76,M ,500,Mountain Frames,Components,2008-03-11 10:01:36.827000000
335,831,FR-M63B-44,ML Mountain Frame - Black, 44,185.8193,348.76,M ,500,Mountain Frames,Components,2008-03-11 10:01:36.827000000
336,832,FR-M63B-48,ML Mountain Frame - Black, 48,185.8193,348.76,M ,500,Mountain Frames,Components,2008-03-11 10:01:36.827000000
337,833,FR-R72Y-40,ML Road Frame-W - Yellow, 40,360.9428,594.83,R ,500,Road Frames,Components,2008-03-11 10:01:36.827000000
338,834,FR-R72Y-42,ML Road Frame-W - Yellow, 42,360.9428,594.83,R ,500,Road Frames,Components,2008-03-11 10:01:36.827000000
339,835,FR-R72Y-44,ML Road Frame-W - Yellow, 44,360.9428,594.83,R ,500,Road Frames,Components,2008-03-11 10:01:36.827000000
340,836,FR-R72Y-48,ML Road Frame-W - Yellow, 48,360.9428,594.83,R ,500,Road Frames,Components,2008-03-11 10:01:36.827000000
341,837,FR-R92B-62,HL Road Frame - Black, 62,868.6342,1431.5,R ,500,Road Frames,Components,2008-03-11 10:01:36.827000000
342,838,FR-R92B-44,HL Road Frame - Black, 44,868.6342,1431.5,R ,500,Road Frames,Components,2008-03-11 10:01:36.827000000
343,839,FR-R92B-48,HL Road Frame - Black, 48,868.6342,1431.5,R ,500,Road Frames,Components,2008-03-11 10:01:36.827000000
344,840,FR-R92B-52,HL Road Frame - Black, 52,868.6342,1431.5,R ,500,Road Frames,Components,2008-03-11 10:01:36.827000000
345,841,SH-M897-S,Men's Sports Shorts, S,24.7459,59.99,S ,4,Shorts,Clothing,2008-03-11 10:01:36.827000000
346,842,PA-T100,Touring-Panniers, Large,51.5625,125,T ,4,Panniers,Accessories,2008-03-11 10:01:36.827000000
347,843,LO-C100,Cable Lock,10.3125,25,S ,4,Locks,Accessories,2008-03-11 10:01:36.827000000
348,844,PU-0452,Minipump,8.2459,19.99,S ,4,Pumps,Accessories,2008-03-11 10:01:36.827000000
349,845,PU-M044,Mountain Pump,10.3084,24.99,M ,4,Pumps,Accessories,2008-03-11 10:01:36.827000000
350,846,LT-T990,Taillights - Battery-Powered,5.7709,13.99,R ,4,Lights,Accessories,2008-03-11 10:01:36.827000000
351,847,LT-H902,Headlights - Dual-Beam,14.4334,34.99,R ,4,Lights,Accessories,2008-03-11 10:01:36.827000000
352,848,LT-H903,Headlights - Weatherproof,18.5584,44.99,R ,4,Lights,Accessories,2008-03-11 10:01:36.827000000
353,849,SH-M897-M,Men's Sports Shorts, M,24.7459,59.99,S ,4,Shorts,Clothing,2008-03-11 10:01:36.827000000
354,850,SH-M897-L,Men's Sports Shorts, L,24.7459,59.99,S ,4,Shorts,Clothing,2008-03-11 10:01:36.827000000
355,851,SH-M897-X,Men's Sports Shorts, XL,24.7459,59.99,S ,4,Shorts,Clothing,2008-03-11 10:01:36.827000000
356,852,TG-W091-S,Women's Tights, S,30.9334,74.99,S ,4,Tights,Clothing,2008-03-11 10:01:36.827000000
357,853,TG-W091-M,Women's Tights, M,30.9334,74.99,S ,4,Tights,Clothing,2008-03-11 10:01:36.827000000
358,854,TG-W091-L,Women's Tights, L,30.9334,74.99,S ,4,Tights,Clothing,2008-03-11 10:01:36.827000000
359,855,SB-M891-S,Men's Bib-Shorts, S,37.1209,89.99,S ,4,Bib-Shorts,Clothing,2008-03-11 10:01:36.827000000
360,856,SB-M891-M,Men's Bib-Shorts, M,37.1209,89.99,S ,4,Bib-Shorts,Clothing,2008-03-11 10:01:36.827000000
361,857,SB-M891-L,Men's Bib-Shorts, L,37.1209,89.99,S ,4,Bib-Shorts,Clothing,2008-03-11 10:01:36.827000000
362,858,GL-H102-S,Half-Finger Gloves, S,9.1593,24.49,S ,4,Gloves,Clothing,2008-03-11 10:01:36.827000000
363,859,GL-H102-M,Half-Finger Gloves, M,9.1593,24.49,S ,4,Gloves,Clothing,2008-03-11 10:01:36.827000000
364,860,GL-H102-L,Half-Finger Gloves, L,9.1593,24.49,S ,4,Gloves,Clothing,2008-03-11 10:01:36.827000000
365,861,GL-F110-S,Full-Finger Gloves, S,15.6709,37.99,M ,4,Gloves,Clothing,2008-03-11 10:01:36.827000000
366,862,GL-F110-M,Full-Finger Gloves, M,15.6709,37.99,M ,4,Gloves,Clothing,2008-03-11 10:01:36.827000000
367,863,GL-F110-L,Full-Finger Gloves, L,15.6709,37.99,M ,4,Gloves,Clothing,2008-03-11 10:01:36.827000000
368,864,VE-C304-S,Classic Vest, S,23.749,63.5,S ,4,Vests,Clothing,2008-03-11 10:01:36.827000000
369,865,VE-C304-M,Classic Vest, M,23.749,63.5,S ,4,Vests,Clothing,2008-03-11 10:01:36.827000000
370,866,VE-C304-L,Classic Vest, L,23.749,63.5,S ,4,Vests,Clothing,2008-03-11 10:01:36.827000000
371,867,SH-W890-S,Women's Mountain Shorts, S,26.1763,69.99,M ,4,Shorts,Clothing,2008-03-11 10:01:36.827000000
372,868,SH-W890-M,Women's Mountain Shorts, M,26.1763,69.99,M ,4,Shorts,Clothing,2008-03-11 10:01:36.827000000
373,869,SH-W890-L,Women's Mountain Shorts, L,26.1763,69.99,M ,4,Shorts,Clothing,2008-03-11 10:01:36.827000000
374,870,WB-H098,Water Bottle - 30 oz.,1.8663,4.99,S ,4,Bottles and Cages,Accessories,2008-03-11 10:01:36.827000000
375,871,BC-M005,Mountain Bottle Cage,3.7363,9.99,M ,4,Bottles and Cages,Accessories,2008-03-11 10:01:36.827000000
376,872,BC-R205,Road Bottle Cage,3.3623,8.99,R ,4,Bottles and Cages,Accessories,2008-03-11 10:01:36.827000000
377,873,PK-7098,Patch Kit/8 Patches,0.8565,2.29,S ,4,Tires and Tubes,Accessories,2008-03-11 10:01:36.827000000
378,874,SO-R809-M,Racing Socks, M,3.3623,8.99,R ,4,Socks,Clothing,2008-03-11 10:01:36.827000000
379,875,SO-R809-L,Racing Socks, L,3.3623,8.99,R ,4,Socks,Clothing,2008-03-11 10:01:36.827000000
380,876,RA-H123,Hitch Rack - 4-Bike,44.88,120,S ,4,Bike Racks,Accessories,2008-03-11 10:01:36.827000000
381,877,CL-9009,Bike Wash - Dissolver,2.9733,7.95,S ,4,Cleaners,Accessories,2008-03-11 10:01:36.827000000
382,878,FE-6654,Fender Set - Mountain,8.2205,21.98,M ,4,Fenders,Accessories,2008-03-11 10:01:36.827000000
383,879,ST-1401,All-Purpose Bike Stand,59.466,159,M ,4,Bike Stands,Accessories,2008-03-11 10:01:36.827000000
384,880,HY-1023-70,Hydration Pack - 70 oz.,20.5663,54.99,S ,4,Hydration Packs,Accessories,2008-03-11 10:01:36.827000000
385,881,SJ-0194-S,Short-Sleeve Classic Jersey, S,41.5723,53.99,S ,4,Jerseys,Clothing,2008-03-11 10:01:36.827000000
386,882,SJ-0194-M,Short-Sleeve Classic Jersey, M,41.5723,53.99,S ,4,Jerseys,Clothing,2008-03-11 10:01:36.827000000
387,883,SJ-0194-L,Short-Sleeve Classic Jersey, L,41.5723,53.99,S ,4,Jerseys,Clothing,2008-03-11 10:01:36.827000000
388,884,SJ-0194-X,Short-Sleeve Classic Jersey, XL,41.5723,53.99,S ,4,Jerseys,Clothing,2008-03-11 10:01:36.827000000
389,885,FR-T98Y-60,HL Touring Frame - Yellow, 60,601.7437,1003.91,T ,500,Touring Frames,Components,2008-03-11 10:01:36.827000000
390,886,FR-T67Y-62,LL Touring Frame - Yellow, 62,199.8519,333.42,T ,500,Touring Frames,Components,2008-03-11 10:01:36.827000000
391,887,FR-T98Y-46,HL Touring Frame - Yellow, 46,601.7437,1003.91,T ,500,Touring Frames,Components,2008-03-11 10:01:36.827000000
392,888,FR-T98Y-50,HL Touring Frame - Yellow, 50,601.7437,1003.91,T ,500,Touring Frames,Components,2008-03-11 10:01:36.827000000
393,889,FR-T98Y-54,HL Touring Frame - Yellow, 54,601.7437,1003.91,T ,500,Touring Frames,Components,2008-03-11 10:01:36.827000000
394,890,FR-T98U-46,HL Touring Frame - Blue, 46,601.7437,1003.91,T ,500,Touring Frames,Components,2008-03-11 10:01:36.827000000
395,891,FR-T98U-50,HL Touring Frame - Blue, 50,601.7437,1003.91,T ,500,Touring Frames,Components,2008-03-11 10:01:36.827000000
396,892,FR-T98U-54,HL Touring Frame - Blue, 54,601.7437,1003.91,T ,500,Touring Frames,Components,2008-03-11 10:01:36.827000000
397,893,FR-T98U-60,HL Touring Frame - Blue, 60,601.7437,1003.91,T ,500,Touring Frames,Components,2008-03-11 10:01:36.827000000
398,894,RD-2308,Rear Derailleur,53.9282,121.46,,500,Derailleurs,Components,2008-03-11 10:01:36.827000000
399,895,FR-T67U-50,LL Touring Frame - Blue, 50,199.8519,333.42,T ,500,Touring Frames,Components,2008-03-11 10:01:36.827000000
400,896,FR-T67U-54,LL Touring Frame - Blue, 54,199.8519,333.42,T ,500,Touring Frames,Components,2008-03-11 10:01:36.827000000
401,897,FR-T67U-58,LL Touring Frame - Blue, 58,199.8519,333.42,T ,500,Touring Frames,Components,2008-03-11 10:01:36.827000000
402,898,FR-T67U-62,LL Touring Frame - Blue, 62,199.8519,333.42,T ,500,Touring Frames,Components,2008-03-11 10:01:36.827000000
403,899,FR-T67Y-44,LL Touring Frame - Yellow, 44,199.8519,333.42,T ,500,Touring Frames,Components,2008-03-11 10:01:36.827000000
404,900,FR-T67Y-50,LL Touring Frame - Yellow, 50,199.8519,333.42,T ,500,Touring Frames,Components,2008-03-11 10:01:36.827000000
405,901,FR-T67Y-54,LL Touring Frame - Yellow, 54,199.8519,333.42,T ,500,Touring Frames,Components,2008-03-11 10:01:36.827000000
406,902,FR-T67Y-58,LL Touring Frame - Yellow, 58,199.8519,333.42,T ,500,Touring Frames,Components,2008-03-11 10:01:36.827000000
407,903,FR-T67U-44,LL Touring Frame - Blue, 44,199.8519,333.42,T ,500,Touring Frames,Components,2008-03-11 10:01:36.827000000
408,904,FR-M63S-40,ML Mountain Frame-W - Silver, 40,199.3757,364.09,M ,500,Mountain Frames,Components,2008-03-11 10:01:36.827000000
409,905,FR-M63S-42,ML Mountain Frame-W - Silver, 42,199.3757,364.09,M ,500,Mountain Frames,Components,2008-03-11 10:01:36.827000000
410,906,FR-M63S-46,ML Mountain Frame-W - Silver, 46,199.3757,364.09,M ,500,Mountain Frames,Components,2008-03-11 10:01:36.827000000
411,907,RB-9231,Rear Brakes,47.286,106.5,,500,Brakes,Components,2008-03-11 10:01:36.827000000
412,908,SE-M236,LL Mountain Seat/Saddle,12.0413,27.12,M ,500,Saddles,Components,2008-03-11 10:01:36.827000000
413,909,SE-M798,ML Mountain Seat/Saddle,17.3782,39.14,M ,500,Saddles,Components,2008-03-11 10:01:36.827000000
414,910,SE-M940,HL Mountain Seat/Saddle,23.3722,52.64,M ,500,Saddles,Components,2008-03-11 10:01:36.827000000
415,911,SE-R581,LL Road Seat/Saddle,12.0413,27.12,R ,500,Saddles,Components,2008-03-11 10:01:36.827000000
416,912,SE-R908,ML Road Seat/Saddle,17.3782,39.14,T ,500,Saddles,Components,2008-03-11 10:01:36.827000000
417,913,SE-R995,HL Road Seat/Saddle,23.3722,52.64,R ,500,Saddles,Components,2008-03-11 10:01:36.827000000
418,914,SE-T312,LL Touring Seat/Saddle,12.0413,27.12,T ,500,Saddles,Components,2008-03-11 10:01:36.827000000
419,915,SE-T762,ML Touring Seat/Saddle,17.3782,39.14,T ,500,Saddles,Components,2008-03-11 10:01:36.827000000
420,916,SE-T924,HL Touring Seat/Saddle,23.3722,52.64,T ,500,Saddles,Components,2008-03-11 10:01:36.827000000
421,917,FR-M21S-42,LL Mountain Frame - Silver, 42,144.5938,264.05,M ,500,Mountain Frames,Components,2008-03-11 10:01:36.827000000
422,918,FR-M21S-44,LL Mountain Frame - Silver, 44,144.5938,264.05,M ,500,Mountain Frames,Components,2008-03-11 10:01:36.827000000
423,919,FR-M21S-48,LL Mountain Frame - Silver, 48,144.5938,264.05,M ,500,Mountain Frames,Components,2008-03-11 10:01:36.827000000
424,920,FR-M21S-52,LL Mountain Frame - Silver, 52,144.5938,264.05,M ,500,Mountain Frames,Components,2008-03-11 10:01:36.827000000
425,921,TT-M928,Mountain Tire Tube,1.8663,4.99,M ,500,Tires and Tubes,Accessories,2008-03-11 10:01:36.827000000
426,922,TT-R982,Road Tire Tube,1.4923,3.99,R ,500,Tires and Tubes,Accessories,2008-03-11 10:01:36.827000000
427,923,TT-T092,Touring Tire Tube,1.8663,4.99,T ,500,Tires and Tubes,Accessories,2008-03-11 10:01:36.827000000
428,924,FR-M21B-42,LL Mountain Frame - Black, 42,136.785,249.79,M ,500,Mountain Frames,Components,2008-03-11 10:01:36.827000000
429,925,FR-M21B-44,LL Mountain Frame - Black, 44,136.785,249.79,M ,500,Mountain Frames,Components,2008-03-11 10:01:36.827000000
430,926,FR-M21B-48,LL Mountain Frame - Black, 48,136.785,249.79,M ,500,Mountain Frames,Components,2008-03-11 10:01:36.827000000
431,927,FR-M21B-52,LL Mountain Frame - Black, 52,136.785,249.79,M ,500,Mountain Frames,Components,2008-03-11 10:01:36.827000000
432,928,TI-M267,LL Mountain Tire,9.3463,24.99,M ,500,Tires and Tubes,Accessories,2008-03-11 10:01:36.827000000
433,929,TI-M602,ML Mountain Tire,11.2163,29.99,M ,500,Tires and Tubes,Accessories,2008-03-11 10:01:36.827000000
434,930,TI-M823,HL Mountain Tire,13.09,35,M ,500,Tires and Tubes,Accessories,2008-03-11 10:01:36.827000000
435,931,TI-R092,LL Road Tire,8.0373,21.49,R ,500,Tires and Tubes,Accessories,2008-03-11 10:01:36.827000000
436,932,TI-R628,ML Road Tire,9.3463,24.99,R ,500,Tires and Tubes,Accessories,2008-03-11 10:01:36.827000000
437,933,TI-R982,HL Road Tire,12.1924,32.6,R ,500,Tires and Tubes,Accessories,2008-03-11 10:01:36.827000000
438,934,TI-T723,Touring Tire,10.8423,28.99,T ,500,Tires and Tubes,Accessories,2008-03-11 10:01:36.827000000
439,935,PD-M282,LL Mountain Pedal,17.9776,40.49,M ,500,Pedals,Components,2008-03-11 10:01:36.827000000
440,936,PD-M340,ML Mountain Pedal,27.568,62.09,M ,500,Pedals,Components,2008-03-11 10:01:36.827000000
441,937,PD-M562,HL Mountain Pedal,35.9596,80.99,M ,500,Pedals,Components,2008-03-11 10:01:36.827000000
442,938,PD-R347,LL Road Pedal,17.9776,40.49,R ,500,Pedals,Components,2008-03-11 10:01:36.827000000
443,939,PD-R563,ML Road Pedal,27.568,62.09,R ,500,Pedals,Components,2008-03-11 10:01:36.827000000
444,940,PD-R853,HL Road Pedal,35.9596,80.99,R ,500,Pedals,Components,2008-03-11 10:03:55.510000000
445,941,PD-T852,Touring Pedal,35.9596,80.99,T ,500,Pedals,Components,2008-03-11 10:01:36.827000000
446,942,FR-M63S-38,ML Mountain Frame-W - Silver, 38,199.3757,364.09,M ,500,Mountain Frames,Components,2008-03-11 10:01:36.827000000
447,943,FR-M21B-40,LL Mountain Frame - Black, 40,136.785,249.79,M ,500,Mountain Frames,Components,2008-03-11 10:01:36.827000000
448,944,FR-M21S-40,LL Mountain Frame - Silver, 40,144.5938,264.05,M ,500,Mountain Frames,Components,2008-03-11 10:01:36.827000000
449,945,FD-2342,Front Derailleur,40.6216,91.49,,500,Derailleurs,Components,2008-03-11 10:01:36.827000000
450,946,HB-T721,LL Touring Handlebars,20.464,46.09,T ,500,Handlebars,Components,2008-03-11 10:01:36.827000000
451,947,HB-T928,HL Touring Handlebars,40.6571,91.57,T ,500,Handlebars,Components,2008-03-11 10:01:36.827000000
452,948,FB-9873,Front Brakes,47.286,106.5,,500,Brakes,Components,2008-03-11 10:01:36.827000000
453,949,CS-4759,LL Crankset,77.9176,175.49,,500,Cranksets,Components,2008-03-11 10:01:36.827000000
454,950,CS-6583,ML Crankset,113.8816,256.49,,500,Cranksets,Components,2008-03-11 10:01:36.827000000
455,951,CS-9183,HL Crankset,179.8156,404.99,,500,Cranksets,Components,2008-03-11 10:01:36.827000000
456,952,CH-0234,Chain,8.9866,20.24,,500,Chains,Components,2008-03-11 10:01:36.827000000
457,953,BK-T44U-60,Touring-2000 Blue, 60,755.1508,1214.85,T ,100,Touring Bikes,Bikes,2008-03-11 10:01:36.827000000
458,954,BK-T79Y-46,Touring-1000 Yellow, 46,1481.9379,2384.07,T ,100,Touring Bikes,Bikes,2008-03-11 10:01:36.827000000
459,955,BK-T79Y-50,Touring-1000 Yellow, 50,1481.9379,2384.07,T ,100,Touring Bikes,Bikes,2008-03-11 10:01:36.827000000
460,956,BK-T79Y-54,Touring-1000 Yellow, 54,1481.9379,2384.07,T ,100,Touring Bikes,Bikes,2008-03-11 10:01:36.827000000
461,957,BK-T79Y-60,Touring-1000 Yellow, 60,1481.9379,2384.07,T ,100,Touring Bikes,Bikes,2008-03-11 10:01:36.827000000
462,958,BK-T18U-54,Touring-3000 Blue, 54,461.4448,742.35,T ,100,Touring Bikes,Bikes,2008-03-11 10:01:36.827000000
463,959,BK-T18U-58,Touring-3000 Blue, 58,461.4448,742.35,T ,100,Touring Bikes,Bikes,2008-03-11 10:01:36.827000000
464,960,BK-T18U-62,Touring-3000 Blue, 62,461.4448,742.35,T ,100,Touring Bikes,Bikes,2008-03-11 10:01:36.827000000
465,961,BK-T18Y-44,Touring-3000 Yellow, 44,461.4448,742.35,T ,100,Touring Bikes,Bikes,2008-03-11 10:01:36.827000000
466,962,BK-T18Y-50,Touring-3000 Yellow, 50,461.4448,742.35,T ,100,Touring Bikes,Bikes,2008-03-11 10:01:36.827000000
467,963,BK-T18Y-54,Touring-3000 Yellow, 54,461.4448,742.35,T ,100,Touring Bikes,Bikes,2008-03-11 10:01:36.827000000
468,964,BK-T18Y-58,Touring-3000 Yellow, 58,461.4448,742.35,T ,100,Touring Bikes,Bikes,2008-03-11 10:01:36.827000000
469,965,BK-T18Y-62,Touring-3000 Yellow, 62,461.4448,742.35,T ,100,Touring Bikes,Bikes,2008-03-11 10:01:36.827000000
470,966,BK-T79U-46,Touring-1000 Blue, 46,1481.9379,2384.07,T ,100,Touring Bikes,Bikes,2008-03-11 10:01:36.827000000
471,967,BK-T79U-50,Touring-1000 Blue, 50,1481.9379,2384.07,T ,100,Touring Bikes,Bikes,2008-03-11 10:01:36.827000000
472,968,BK-T79U-54,Touring-1000 Blue, 54,1481.9379,2384.07,T ,100,Touring Bikes,Bikes,2008-03-11 10:01:36.827000000
473,969,BK-T79U-60,Touring-1000 Blue, 60,1481.9379,2384.07,T ,100,Touring Bikes,Bikes,2008-03-11 10:01:36.827000000
474,970,BK-T44U-46,Touring-2000 Blue, 46,755.1508,1214.85,T ,100,Touring Bikes,Bikes,2008-03-11 10:01:36.827000000
475,971,BK-T44U-50,Touring-2000 Blue, 50,755.1508,1214.85,T ,100,Touring Bikes,Bikes,2008-03-11 10:01:36.827000000
476,972,BK-T44U-54,Touring-2000 Blue, 54,755.1508,1214.85,T ,100,Touring Bikes,Bikes,2008-03-11 10:01:36.827000000
477,973,BK-R79Y-40,Road-350-W Yellow, 40,1082.51,1700.99,R ,100,Road Bikes,Bikes,2008-03-11 10:01:36.827000000
478,974,BK-R79Y-42,Road-350-W Yellow, 42,1082.51,1700.99,R ,100,Road Bikes,Bikes,2008-03-11 10:01:36.827000000
479,975,BK-R79Y-44,Road-350-W Yellow, 44,1082.51,1700.99,R ,100,Road Bikes,Bikes,2008-03-11 10:01:36.827000000
480,976,BK-R79Y-48,Road-350-W Yellow, 48,1082.51,1700.99,R ,100,Road Bikes,Bikes,2008-03-11 10:01:36.827000000
481,977,BK-R19B-58,Road-750 Black, 58,343.6496,539.99,R ,100,Road Bikes,Bikes,2008-03-11 10:01:36.827000000
482,978,BK-T18U-44,Touring-3000 Blue, 44,461.4448,742.35,T ,100,Touring Bikes,Bikes,2008-03-11 10:01:36.827000000
483,979,BK-T18U-50,Touring-3000 Blue, 50,461.4448,742.35,T ,100,Touring Bikes,Bikes,2008-03-11 10:01:36.827000000
484,980,BK-M38S-38,Mountain-400-W Silver, 38,419.7784,769.49,M ,100,Mountain Bikes,Bikes,2008-03-11 10:01:36.827000000
485,981,BK-M38S-40,Mountain-400-W Silver, 40,419.7784,769.49,M ,100,Mountain Bikes,Bikes,2008-03-11 10:01:36.827000000
486,982,BK-M38S-42,Mountain-400-W Silver, 42,419.7784,769.49,M ,100,Mountain Bikes,Bikes,2008-03-11 10:01:36.827000000
487,983,BK-M38S-46,Mountain-400-W Silver, 46,419.7784,769.49,M ,100,Mountain Bikes,Bikes,2008-03-11 10:01:36.827000000
488,984,BK-M18S-40,Mountain-500 Silver, 40,308.2179,564.99,M ,100,Mountain Bikes,Bikes,2008-03-11 10:01:36.827000000
489,985,BK-M18S-42,Mountain-500 Silver, 42,308.2179,564.99,M ,100,Mountain Bikes,Bikes,2008-03-11 10:01:36.827000000
490,986,BK-M18S-44,Mountain-500 Silver, 44,308.2179,564.99,M ,100,Mountain Bikes,Bikes,2008-03-11 10:01:36.827000000
491,987,BK-M18S-48,Mountain-500 Silver, 48,308.2179,564.99,M ,100,Mountain Bikes,Bikes,2008-03-11 10:01:36.827000000
492,988,BK-M18S-52,Mountain-500 Silver, 52,308.2179,564.99,M ,100,Mountain Bikes,Bikes,2008-03-11 10:01:36.827000000
493,989,BK-M18B-40,Mountain-500 Black, 40,294.5797,539.99,M ,100,Mountain Bikes,Bikes,2008-03-11 10:01:36.827000000
494,990,BK-M18B-42,Mountain-500 Black, 42,294.5797,539.99,M ,100,Mountain Bikes,Bikes,2008-03-11 10:01:36.827000000
495,991,BK-M18B-44,Mountain-500 Black, 44,294.5797,539.99,M ,100,Mountain Bikes,Bikes,2008-03-11 10:01:36.827000000
496,992,BK-M18B-48,Mountain-500 Black, 48,294.5797,539.99,M ,100,Mountain Bikes,Bikes,2008-03-11 10:01:36.827000000
497,993,BK-M18B-52,Mountain-500 Black, 52,294.5797,539.99,M ,100,Mountain Bikes,Bikes,2008-03-11 10:01:36.827000000
498,994,BB-7421,LL Bottom Bracket,23.9716,53.99,,500,Bottom Brackets,Components,2008-03-11 10:01:36.827000000
499,995,BB-8107,ML Bottom Bracket,44.9506,101.24,,500,Bottom Brackets,Components,2008-03-11 10:01:36.827000000
500,996,BB-9108,HL Bottom Bracket,53.9416,121.49,,500,Bottom Brackets,Components,2008-03-11 10:01:36.827000000
501,997,BK-R19B-44,Road-750 Black, 44,343.6496,539.99,R ,100,Road Bikes,Bikes,2008-03-11 10:01:36.827000000
502,998,BK-R19B-48,Road-750 Black, 48,343.6496,539.99,R ,100,Road Bikes,Bikes,2008-03-11 10:01:36.827000000
503,999,BK-R19B-52,Road-750 Black, 52,343.6496,539.99,R ,100,Road Bikes,Bikes,2008-03-11 10:01:36.827000000
