ResellerSurrogateKey,ResellerID,SalesPersonID,CustomerKey,ResellerName,ModifiedDate
0,292,279,585,Next-Door Bike Store,2008-10-13 11:15:07.497000000
1,294,276,582,Professional Sales and Service,2008-10-13 11:15:07.497000000
2,296,277,579,Riders Company,2008-10-13 11:15:07.497000000
3,298,275,576,The Bike Mechanics,2008-10-13 11:15:07.497000000
4,300,286,573,Nationwide Supply,2008-10-13 11:15:07.497000000
5,302,281,491,Area Bike Accessories,2008-10-13 11:15:07.497000000
6,304,283,488,Bicycle Accessories and Kits,2008-10-13 11:15:07.497000000
7,306,275,485,Clamps & Brackets Co.,2008-10-13 11:15:07.497000000
8,308,277,544,Valley Bicycle Specialists,2008-10-13 11:15:07.497000000
9,310,279,548,New Bikes Company,2008-10-13 11:15:07.497000000
10,312,282,551,Vinyl and Plastic Goods Corporation,2008-10-13 11:15:07.497000000
11,314,288,554,Top of the Line Bikes,2008-10-13 11:15:07.497000000
12,316,281,509,Fun Toys and Bikes,2008-10-13 11:15:07.497000000
13,318,283,506,Great Bikes ,2008-10-13 11:15:07.497000000
14,320,275,503,Metropolitan Sales and Rental,2008-10-13 11:15:07.497000000
15,322,288,500,Irregulars Outlet,2008-10-13 11:15:07.497000000
16,324,282,497,Valley Toy Store,2008-10-13 11:15:07.497000000
17,326,279,494,Worthwhile Activity Store,2008-10-13 11:15:07.497000000
18,328,275,557,Purchase Mart,2008-10-13 11:15:07.497000000
19,330,283,560,Major Sport Suppliers,2008-10-13 11:15:07.497000000
20,332,278,570,Family's Favorite Bike Shop,2008-10-13 11:15:07.497000000
21,334,279,567,Global Plaza,2008-10-13 11:15:07.497000000
22,336,276,564,Imported and Domestic Cycles,2008-10-13 11:15:07.497000000
23,338,281,563,Systematic Sales,2008-10-13 11:15:07.497000000
24,340,279,566,eCommerce Bikes,2008-10-13 11:15:07.497000000
25,342,277,561,Mountain Toy Store,2008-10-13 11:15:07.497000000
26,344,275,558,Retail Sales and Service,2008-10-13 11:15:07.497000000
27,346,282,569,Designated Distributors,2008-10-13 11:15:07.497000000
28,348,276,348,Bold Bike Accessories,2008-10-13 11:15:07.497000000
29,350,286,555,Twin Cycles,2008-10-13 11:15:07.497000000
30,352,279,512,Tiny Bike Boutique,2008-10-13 11:15:07.497000000
31,354,279,351,Acclaimed Bicycle Company,2008-10-13 11:15:07.497000000
32,356,278,354,Serious Cycles,2008-10-13 11:15:07.497000000
33,358,286,357,Quality Bike Sales,2008-10-13 11:15:07.497000000
34,360,275,360,Novelty Bikes,2008-10-13 11:15:07.497000000
35,362,279,369,Distinctive Cycles Sales & Service,2008-10-13 11:15:07.497000000
36,364,279,441,Leading Bike Distributors,2008-10-13 11:15:07.497000000
37,366,279,404,Activity Center,2008-10-13 11:15:07.497000000
38,368,281,401,Brightwork Company,2008-10-13 11:15:07.497000000
39,370,276,312,Resale Services,2008-10-13 11:15:07.497000000
40,372,277,309,The Gear Store,2008-10-13 11:15:07.497000000
41,374,277,363,Immense Manufacturing Company,2008-10-13 11:15:07.497000000
42,376,276,366,Extended Bike Sales,2008-10-13 11:15:07.497000000
43,378,288,410,Pedaling Components,2008-10-13 11:15:07.497000000
44,380,282,407,Workout Emporium,2008-10-13 11:15:07.497000000
45,382,275,306,Work and Play Association,2008-10-13 11:15:07.497000000
46,384,286,303,Seaside Bike Works,2008-10-13 11:15:07.497000000
47,386,278,300,Nice Bikes,2008-10-13 11:15:07.497000000
48,388,276,438,Remarkable Bike Store,2008-10-13 11:15:07.497000000
49,390,283,434,Road-Way Mart,2008-10-13 11:15:07.497000000
50,392,275,431,Small Cycle Store,2008-10-13 11:15:07.497000000
51,394,279,297,Blue-Ribbon Bike Company,2008-10-13 11:15:07.497000000
52,396,276,294,Flawless Bike Shop,2008-10-13 11:15:07.497000000
53,398,277,291,Grand Bicycle Stores,2008-10-13 11:15:07.497000000
54,400,281,419,Exertion Activities Club,2008-10-13 11:15:07.497000000
55,402,283,416,Impromptu Trips,2008-10-13 11:15:07.497000000
56,404,275,413,Margie's Travel,2008-10-13 11:15:07.497000000
57,406,275,288,Kickstand Sellers,2008-10-13 11:15:07.497000000
58,408,286,285,Nearest Bike Store,2008-10-13 11:15:07.497000000
59,410,286,213,Fast Bike Works,2008-10-13 11:15:07.497000000
60,412,278,210,Gasless Cycle Shop,2008-10-13 11:15:07.497000000
61,414,279,207,Lubricant and Grease Suppliers,2008-10-13 11:15:07.497000000
62,416,288,140,Teen Discount Store,2008-10-13 11:15:07.497000000
63,418,282,137,Transportation Options,2008-10-13 11:15:07.497000000
64,420,288,663,Capital Riding Supplies,2008-10-13 11:15:07.497000000
65,422,275,666,Bike Boutique,2008-10-13 11:15:07.497000000
66,424,275,450,Bikes Anyone?,2008-10-13 11:15:07.497000000
67,426,286,447,Cross-town Parts Shop,2008-10-13 11:15:07.497000000
68,428,278,444,Finer Cycle Shop,2008-10-13 11:15:07.497000000
69,430,280,19,Center Cycle Shop,2008-10-13 11:15:07.497000000
70,432,289,16,Bulk Discount Store,2008-10-13 11:15:07.497000000
71,434,290,13,Country Parts Shop,2008-10-13 11:15:07.497000000
72,436,286,321,Second Bike Shop,2008-10-13 11:15:07.497000000
73,438,278,318,First-Rate Outlet,2008-10-13 11:15:07.497000000
74,440,279,315,Juvenile Sports Equipment,2008-10-13 11:15:07.497000000
75,442,283,182,Another Bicycle Company,2008-10-13 11:15:07.497000000
76,444,275,179,Fourth Bike Store,2008-10-13 11:15:07.497000000
77,446,288,176,Rodeway Bike Store,2008-10-13 11:15:07.497000000
78,448,276,204,Traction Tire Company,2008-10-13 11:15:07.497000000
79,450,277,201,Unsurpassed Bikes,2008-10-13 11:15:07.497000000
80,452,275,198,Field Trip Inc,2008-10-13 11:15:07.497000000
81,454,275,162,Tire Company,2008-10-13 11:15:07.497000000
82,456,286,159,Uncompromising Quality Co,2008-10-13 11:15:07.497000000
83,458,281,565,Metallic Paint and Overcoat Co,2008-10-13 11:15:07.497000000
84,460,276,402,Pro Sporting Goods,2008-10-13 11:15:07.497000000
85,462,279,405,Sporting Goods and Bicycle Shop,2008-10-13 11:15:07.497000000
86,464,278,408,Odometers and Accessories Company,2008-10-13 11:15:07.497000000
87,466,282,335,Scratch-Resistant Finishes Company,2008-10-13 11:15:07.497000000
88,468,279,332,Topnotch Bikes,2008-10-13 11:15:07.497000000
89,470,281,329,Unicycles, Bicycles, and Tricycles,2008-10-13 11:15:07.497000000
90,472,283,254,Safe Cycles Shop,2008-10-13 11:15:07.497000000
91,474,281,257,Number 1 Supply,2008-10-13 11:15:07.497000000
92,476,279,260,Industrial Supplies,2008-10-13 11:15:07.497000000
93,478,281,608,Golf and Cycle Store,2008-10-13 11:15:07.497000000
94,480,279,611,Front Runner Bikes,2008-10-13 11:15:07.497000000
95,482,290,614,Favorite Toy Distributor,2008-10-13 11:15:07.497000000
96,484,276,510,World Bike Discount Store,2008-10-13 11:15:07.497000000
97,486,277,507,Global Sporting Goods,2008-10-13 11:15:07.497000000
98,488,275,504,Historic Bicycle Sales,2008-10-13 11:15:07.497000000
99,490,282,28,Commuter Bicycle Store,2008-10-13 11:15:07.497000000
100,492,281,25,Coalition Bike Company,2008-10-13 11:15:07.497000000
101,494,277,22,Travel Systems,2008-10-13 11:15:07.497000000
102,496,277,292,Grease and Oil Products Company,2008-10-13 11:15:07.497000000
103,498,280,289,Moderately-Priced Bikes Store,2008-10-13 11:15:07.497000000
104,500,278,174,Toy Manufacturing Inc,2008-10-13 11:15:07.497000000
105,502,279,171,Eighty Toy Stores,2008-10-13 11:15:07.497000000
106,504,276,168,Economy Bikes Company,2008-10-13 11:15:07.497000000
107,506,277,165,Third Bike Store,2008-10-13 11:15:07.497000000
108,508,290,427,Atypical Bike Company,2008-10-13 11:15:07.497000000
109,510,282,424,Bikes for Two,2008-10-13 11:15:07.497000000
110,512,278,156,Metal Processing Company,2008-10-13 11:15:07.497000000
111,514,279,153,Widget Bicycle Specialists,2008-10-13 11:15:07.497000000
112,516,281,149,Initial Bike Company,2008-10-13 11:15:07.497000000
113,518,283,146,Latest Sports Equipment,2008-10-13 11:15:07.497000000
114,520,275,143,Modern Bike Store,2008-10-13 11:15:07.497000000
115,522,280,145,Raw Materials Inc,2008-10-13 11:15:07.497000000
116,524,277,148,Lots of Bikes Storehouse,2008-10-13 11:15:07.497000000
117,526,281,151,Futuristic Bikes,2008-10-13 11:15:07.497000000
118,528,283,74,Parcel Express Delivery Service,2008-10-13 11:15:07.497000000
119,530,275,71,Outdoor Distributors,2008-10-13 11:15:07.497000000
120,532,288,68,North Bike Company,2008-10-13 11:15:07.497000000
121,534,289,538,Prosperous Tours,2008-10-13 11:15:07.497000000
122,536,280,541,Nonskid Tire Company,2008-10-13 11:15:07.497000000
123,538,288,320,Amalgamated Parts Shop,2008-10-13 11:15:07.497000000
124,540,275,323,Metro Bike Works,2008-10-13 11:15:07.497000000
125,542,277,220,Best o' Bikes,2008-10-13 11:15:07.497000000
126,544,275,216,Painters Bicycle Specialists,2008-10-13 11:15:07.497000000
127,546,277,237,Client Discount Store,2008-10-13 11:15:07.497000000
128,548,275,234,Eastside Sporting Goods,2008-10-13 11:15:07.497000000
129,550,286,231,Helmets and Cycles,2008-10-13 11:15:07.497000000
130,552,282,83,Requisite Part Supply,2008-10-13 11:15:07.497000000
131,554,279,80,Racks and Security Systems,2008-10-13 11:15:07.497000000
132,556,281,77,Mechanical Products Ltd.,2008-10-13 11:15:07.497000000
133,558,283,398,Commendable Bikes,2008-10-13 11:15:07.497000000
134,560,275,395,Online Bike Sellers,2008-10-13 11:15:07.497000000
135,562,278,426,Custom Accessories Company,2008-10-13 11:15:07.497000000
136,564,286,429,Unusual Bicycle Company,2008-10-13 11:15:07.497000000
137,566,282,443,Courteous Bicycle Specialists,2008-10-13 11:15:07.497000000
138,568,279,440,Hobby Store,2008-10-13 11:15:07.497000000
139,570,281,437,Professional Cycle Store,2008-10-13 11:15:07.497000000
140,572,281,347,Bike Universe,2008-10-13 11:15:07.497000000
141,574,283,344,Fifth Bike Store,2008-10-13 11:15:07.497000000
142,576,275,341,Independent Outlet,2008-10-13 11:15:07.497000000
143,578,288,338,Rambling Tours,2008-10-13 11:15:07.497000000
144,580,282,263,Farthest Bike Store,2008-10-13 11:15:07.497000000
145,582,288,266,Excellent Bikes,2008-10-13 11:15:07.497000000
146,584,275,269,Curbside Universe,2008-10-13 11:15:07.497000000
147,586,280,271,Alternative Vehicles,2008-10-13 11:15:07.497000000
148,588,289,268,Channel Outlet,2008-10-13 11:15:07.497000000
149,590,290,265,Full Sports Supply,2008-10-13 11:15:07.497000000
150,592,282,514,Retail Mall,2008-10-13 11:15:07.497000000
151,594,290,517,Racing Store,2008-10-13 11:15:07.497000000
152,596,289,520,Metro Metals Co.,2008-10-13 11:15:07.497000000
153,598,277,436,Sheet Metal Manufacturing,2008-10-13 11:15:07.497000000
154,600,280,433,Thorough Parts and Repair Services,2008-10-13 11:15:07.497000000
155,602,289,430,Uttermost Bike Shop,2008-10-13 11:15:07.497000000
156,604,275,359,Mechanical Sports Center,2008-10-13 11:15:07.497000000
157,606,288,356,Speedometer Sales,2008-10-13 11:15:07.497000000
158,608,282,353,Two-Wheeled Transit Company,2008-10-13 11:15:07.497000000
159,610,279,350,Mountain Emporium,2008-10-13 11:15:07.497000000
160,612,283,272,Metro Cycle Shop,2008-10-13 11:15:07.497000000
161,614,281,275,Outdoor Sporting Goods,2008-10-13 11:15:07.497000000
162,616,279,278,Tread Industries,2008-10-13 11:15:07.497000000
163,618,282,281,Petroleum Products Distributors,2008-10-13 11:15:07.497000000
164,620,279,9,Tandem Bicycle Store,2008-10-13 11:15:07.497000000
165,622,278,12,Bikes and Motorbikes,2008-10-13 11:15:07.497000000
166,624,286,15,Budget Toy Store,2008-10-13 11:15:07.497000000
167,626,282,154,Camping and Sports Store,2008-10-13 11:15:07.497000000
168,628,290,157,Ace Bicycle Supply,2008-10-13 11:15:07.497000000
169,630,281,95,Rural Department Store,2008-10-13 11:15:07.497000000
170,632,283,92,Sports Commodities,2008-10-13 11:15:07.497000000
171,634,275,89,Riverside Company,2008-10-13 11:15:07.497000000
172,636,288,86,Bicycle Exporters,2008-10-13 11:15:07.497000000
173,638,277,695,Responsible Bike Dealers,2008-10-13 11:15:07.497000000
174,640,281,698,Western Bike Supplies,2008-10-13 11:15:07.497000000
175,642,277,3,Advanced Bike Components,2008-10-13 11:15:07.497000000
176,644,276,6,Aerobic Exercise Company,2008-10-13 11:15:07.497000000
177,646,288,158,Rural Sporting Goods,2008-10-13 11:15:07.497000000
178,648,282,155,Corner Bicycle Supply,2008-10-13 11:15:07.497000000
179,650,279,152,Distance Bikes,2008-10-13 11:15:07.497000000
180,652,281,599,Westside Plaza,2008-10-13 11:15:07.497000000
181,654,279,602,Ultimate Bike Shop,2008-10-13 11:15:07.497000000
182,656,283,605,Outstanding Cycles,2008-10-13 11:15:07.497000000
183,658,289,160,Vigorous Sports Store,2008-10-13 11:15:07.497000000
184,660,280,163,Sports Merchandise,2008-10-13 11:15:07.497000000
185,662,277,166,Fitness Toy Store,2008-10-13 11:15:07.497000000
186,664,275,594,Casual Bicycle Store,2008-10-13 11:15:07.497000000
187,666,286,591,Fitness Discount Store,2008-10-13 11:15:07.497000000
188,668,278,588,General Cycle Storehouse,2008-10-13 11:15:07.497000000
189,670,281,421,Fitness Cycling,2008-10-13 11:15:07.497000000
190,672,277,418,Good Bike Shop,2008-10-13 11:15:07.497000000
191,674,280,415,Imaginary Toys,2008-10-13 11:15:07.497000000
192,676,286,195,Inexpensive Parts Shop,2008-10-13 11:15:07.497000000
193,678,278,192,Nuts and Bolts Mfg.,2008-10-13 11:15:07.497000000
194,680,279,189,Principal Bicycle Supply,2008-10-13 11:15:07.497000000
195,682,276,186,Thrilling Bike Tours,2008-10-13 11:15:07.497000000
196,684,277,183,This Area Sporting Goods,2008-10-13 11:15:07.497000000
197,686,275,180,Full-Service Bike Store,2008-10-13 11:15:07.497000000
198,688,286,177,Plastic Products Manufacturers,2008-10-13 11:15:07.497000000
199,690,286,411,Kids and Adults Cycle Shop,2008-10-13 11:15:07.497000000
200,692,275,414,Grand Discount Store,2008-10-13 11:15:07.497000000
201,694,277,417,Genuine Bike Shop,2008-10-13 11:15:07.497000000
202,696,276,420,Extreme Riding Supplies,2008-10-13 11:15:07.497000000
203,698,279,423,Bike Rims Company,2008-10-13 11:15:07.497000000
204,700,276,150,Fleet Bikes,2008-10-13 11:15:07.497000000
205,702,277,147,Local Hardware Factory,2008-10-13 11:15:07.497000000
206,704,275,144,Only Bikes and Accessories,2008-10-13 11:15:07.497000000
207,706,286,141,Rental Gallery,2008-10-13 11:15:07.497000000
208,708,278,138,South Bike Company,2008-10-13 11:15:07.497000000
209,710,279,135,Wonderful Bikes Inc.,2008-10-13 11:15:07.497000000
210,712,276,132,Another Sporting Goods Company,2008-10-13 11:15:07.497000000
211,714,277,129,Discount Bicycle Specialists,2008-10-13 11:15:07.497000000
212,716,275,126,Famous Bike Sales and Service,2008-10-13 11:15:07.497000000
213,718,286,123,First Supplies,2008-10-13 11:15:07.497000000
214,720,278,120,Machines & Cycles Store,2008-10-13 11:15:07.497000000
215,722,279,117,Pedals Warehouse,2008-10-13 11:15:07.497000000
216,724,276,114,Two Wheels Cycle Store,2008-10-13 11:15:07.497000000
217,726,277,111,Westside Cycle Store,2008-10-13 11:15:07.497000000
218,728,275,107,Wholesale Bikes,2008-10-13 11:15:07.497000000
219,730,288,104,Very Best Sports Supply,2008-10-13 11:15:07.497000000
220,732,282,101,Urban Sports Emporium,2008-10-13 11:15:07.497000000
221,734,279,98,Superlative Bikes,2008-10-13 11:15:07.497000000
222,736,288,392,Primary Cycle Shop,2008-10-13 11:15:07.497000000
223,738,282,389,Sixth Bike Store,2008-10-13 11:15:07.497000000
224,740,279,386,Touring Services,2008-10-13 11:15:07.497000000
225,742,281,383,Vehicle Shop,2008-10-13 11:15:07.497000000
226,744,283,380,First Department Stores,2008-10-13 11:15:07.497000000
227,746,275,377,Grand Sport Boutique,2008-10-13 11:15:07.497000000
228,748,288,374,Major Equipment Co,2008-10-13 11:15:07.497000000
229,750,282,371,Custom Sales and Service,2008-10-13 11:15:07.497000000
230,752,279,368,Elemental Sporting Goods,2008-10-13 11:15:07.497000000
231,754,281,365,Distinctive Store,2008-10-13 11:15:07.497000000
232,756,283,362,Grand Cycle Store,2008-10-13 11:15:07.497000000
233,758,288,284,Nearby Bike Mall,2008-10-13 11:15:07.497000000
234,760,275,287,Handy Bike Services,2008-10-13 11:15:07.497000000
235,762,283,290,Friendly Bike Shop,2008-10-13 11:15:07.497000000
236,764,281,293,Fashionable Bikes and Accessories,2008-10-13 11:15:07.497000000
237,766,279,296,Extreme Toy Store,2008-10-13 11:15:07.497000000
238,768,282,299,Citywide Service and Repair,2008-10-13 11:15:07.497000000
239,770,288,302,Best Cycle Store,2008-10-13 11:15:07.497000000
240,772,275,305,Professional Sporting Goods,2008-10-13 11:15:07.497000000
241,774,283,308,Rugged Bikes,2008-10-13 11:15:07.497000000
242,776,281,311,Principal Bike Company,2008-10-13 11:15:07.497000000
243,778,279,314,One-Piece Handle Bars,2008-10-13 11:15:07.497000000
244,780,282,317,Finer Riding Supplies,2008-10-13 11:15:07.497000000
245,782,278,66,Neighborhood Store,2008-10-13 11:15:07.497000000
246,784,286,69,Online Bike Catalog,2008-10-13 11:15:07.497000000
247,786,275,72,Outdoor Equipment Store,2008-10-13 11:15:07.497000000
248,788,277,75,Paint Supply,2008-10-13 11:15:07.497000000
249,790,276,78,Preferred Bikes,2008-10-13 11:15:07.497000000
250,792,279,81,Rally Day Mall,2008-10-13 11:15:07.497000000
251,794,278,84,Rewarding Activities Company,2008-10-13 11:15:07.497000000
252,796,286,87,Rich Department Store,2008-10-13 11:15:07.497000000
253,798,275,90,Sales and Supply Company,2008-10-13 11:15:07.497000000
254,800,277,93,Stationary Bikes and Stands,2008-10-13 11:15:07.497000000
255,802,280,692,Successful Sales Company,2008-10-13 11:15:07.497000000
256,804,281,169,Downtown Hotel,2008-10-13 11:15:07.497000000
257,806,282,172,Certified Sports Supply,2008-10-13 11:15:07.497000000
258,808,290,175,Registered Cycle Store,2008-10-13 11:15:07.497000000
259,810,289,178,Rampart Amusement Company,2008-10-13 11:15:07.497000000
260,812,282,173,Sundry Sporting Goods,2008-10-13 11:15:07.497000000
261,814,279,170,Excellent Riding Supplies,2008-10-13 11:15:07.497000000
262,816,281,167,Farthermost Bike Shop,2008-10-13 11:15:07.497000000
263,818,283,164,Suburban Cycle Shop,2008-10-13 11:15:07.497000000
264,820,275,161,Weekend Tours,2008-10-13 11:15:07.497000000
265,822,283,669,Racing Bike Outlet,2008-10-13 11:15:07.497000000
266,824,281,672,Utilitarian Sporting Goods,2008-10-13 11:15:07.497000000
267,826,279,675,Bike Goods ,2008-10-13 11:15:07.497000000
268,828,282,678,Vigorous Exercise Company,2008-10-13 11:15:07.497000000
269,830,288,681,Showcase for Cycles,2008-10-13 11:15:07.497000000
270,832,275,684,Lease-a-Bike Shop,2008-10-13 11:15:07.497000000
271,834,288,687,Functional Store South,2008-10-13 11:15:07.497000000
272,836,275,690,Active Cycling,2008-10-13 11:15:07.497000000
273,838,283,693,Stock Parts and Supplies,2008-10-13 11:15:07.497000000
274,840,281,696,Roadway Supplies,2008-10-13 11:15:07.497000000
275,842,279,699,Sensational Discount Store,2008-10-13 11:15:07.497000000
276,844,282,701,Future Bikes,2008-10-13 11:15:07.497000000
277,846,275,432,Super Sports Store,2008-10-13 11:15:07.497000000
278,848,277,435,Satin Finish Company,2008-10-13 11:15:07.497000000
279,850,281,439,Regional Manufacturing,2008-10-13 11:15:07.497000000
280,852,282,442,Original Bicycle Supply Company,2008-10-13 11:15:07.497000000
281,854,290,445,First Center,2008-10-13 11:15:07.497000000
282,856,289,448,Action Bicycle Specialists,2008-10-13 11:15:07.497000000
283,858,280,451,Roadway Bike Emporium,2008-10-13 11:15:07.497000000
284,860,277,454,Sleek Bikes ,2008-10-13 11:15:07.497000000
285,862,281,457,Retail Sporting Equipment,2008-10-13 11:15:07.497000000
286,864,282,460,Price-Cutter Discount Bikes,2008-10-13 11:15:07.497000000
287,866,290,463,Brand New Bikes,2008-10-13 11:15:07.497000000
288,868,289,466,Central Bicycle Specialists,2008-10-13 11:15:07.497000000
289,870,280,469,Vast Bike Sales and Rental,2008-10-13 11:15:07.497000000
290,872,277,472,Summer Sports Place,2008-10-13 11:15:07.497000000
291,874,281,475,Real Sporting Goods,2008-10-13 11:15:07.497000000
292,876,288,572,Versatile Sporting Goods Company,2008-10-13 11:15:07.497000000
293,878,275,575,Bicycle Outfitters,2008-10-13 11:15:07.497000000
294,880,283,578,The Bike Shop,2008-10-13 11:15:07.497000000
295,882,281,581,Safe Toys,2008-10-13 11:15:07.497000000
296,884,279,584,Qualified Sales and Repair Services,2008-10-13 11:15:07.497000000
297,886,282,587,Our Sporting Goods Store,2008-10-13 11:15:07.497000000
298,888,288,590,Lustrous Paints and Components,2008-10-13 11:15:07.497000000
299,890,275,593,Expert Sports Store,2008-10-13 11:15:07.497000000
300,892,283,596,Coho Sports,2008-10-13 11:15:07.497000000
301,894,286,501,Jumbo Bikes,2008-10-13 11:15:07.497000000
302,896,278,498,Quick Delivery Service,2008-10-13 11:15:07.497000000
303,898,279,495,Tough and Reliable Parts,2008-10-13 11:15:07.497000000
304,900,276,492,Basic Sports Equipment,2008-10-13 11:15:07.497000000
305,902,277,489,Cash & Carry Bikes,2008-10-13 11:15:07.497000000
306,904,275,486,Convenient Bike Shop,2008-10-13 11:15:07.497000000
307,906,286,483,Fitness Bike Accessories,2008-10-13 11:15:07.497000000
308,908,278,480,General Bike Corporation,2008-10-13 11:15:07.497000000
309,910,279,477,Quitting Business Distributors,2008-10-13 11:15:07.497000000
310,912,276,474,Retail Cycle Shop,2008-10-13 11:15:07.497000000
311,914,277,471,Social Activities Club,2008-10-13 11:15:07.497000000
312,916,275,468,Blue Bicycle Company,2008-10-13 11:15:07.497000000
313,918,286,465,Expert Cycle Store,2008-10-13 11:15:07.497000000
314,920,278,462,General Riding Supplies,2008-10-13 11:15:07.497000000
315,922,279,459,Parts Shop,2008-10-13 11:15:07.497000000
316,924,276,456,Riding Excursions,2008-10-13 11:15:07.497000000
317,926,277,453,Unique Bikes,2008-10-13 11:15:07.497000000
318,928,282,10,Rural Cycle Emporium,2008-10-13 11:15:07.497000000
319,930,281,7,Associated Bikes,2008-10-13 11:15:07.497000000
320,932,277,4,Modular Cycle Systems,2008-10-13 11:15:07.497000000
321,934,280,1,A Bike Store,2008-10-13 11:15:07.497000000
322,936,277,40,Journey Sporting Goods,2008-10-13 11:15:07.497000000
323,938,280,37,Two Bike Shops,2008-10-13 11:15:07.497000000
324,940,289,34,Cycles Wholesaler & Mfg.,2008-10-13 11:15:07.497000000
325,942,290,31,Wheels Inc.,2008-10-13 11:15:07.497000000
326,944,289,286,Number One Bike Co.,2008-10-13 11:15:07.497000000
327,946,290,283,Racing Supply Distributors,2008-10-13 11:15:07.497000000
328,948,282,280,Standard Bikes,2008-10-13 11:15:07.497000000
329,950,281,277,The Bicycle Accessories Company,2008-10-13 11:15:07.497000000
330,952,277,274,Active Systems,2008-10-13 11:15:07.497000000
331,954,281,523,Futuristic Sport Distributors,2008-10-13 11:15:07.497000000
332,956,282,526,Finer Sales and Service,2008-10-13 11:15:07.497000000
333,958,281,529,Big-Time Bike Store,2008-10-13 11:15:07.497000000
334,960,282,532,The Showroom,2008-10-13 11:15:07.497000000
335,962,290,535,Spa and Exercise Outfitters,2008-10-13 11:15:07.497000000
336,964,283,326,Year-Round Sports,2008-10-13 11:15:07.497000000
337,966,276,330,The New Bike Store,2008-10-13 11:15:07.497000000
338,968,279,333,Resident Cycle Shop,2008-10-13 11:15:07.497000000
339,970,278,336,Primary Bike Distributors,2008-10-13 11:15:07.497000000
340,972,286,339,Major Bicycle Store,2008-10-13 11:15:07.497000000
341,974,275,342,Leather and Vinyl Manufacturing,2008-10-13 11:15:07.497000000
342,976,277,345,Genial Bike Associates,2008-10-13 11:15:07.497000000
343,978,281,133,Commercial Sporting Goods,2008-10-13 11:15:07.497000000
344,980,282,136,Wholesale Parts,2008-10-13 11:15:07.497000000
345,982,290,139,Steel Inc.,2008-10-13 11:15:07.497000000
346,984,289,142,Riding Cycles,2008-10-13 11:15:07.497000000
347,986,282,65,Metro Manufacturing,2008-10-13 11:15:07.497000000
348,988,279,62,Manufacturers Inc,2008-10-13 11:15:07.497000000
349,990,281,59,Locks Company,2008-10-13 11:15:07.497000000
350,992,283,56,Latest Accessories Sales,2008-10-13 11:15:07.497000000
351,994,275,53,Incomparable Bicycle Store,2008-10-13 11:15:07.497000000
352,996,288,50,Hometown Riding Supplies,2008-10-13 11:15:07.497000000
353,998,282,47,Greater Bike Store,2008-10-13 11:15:07.497000000
354,1000,279,44,Games and Sport Supply Company,2008-10-13 11:15:07.497000000
355,1002,281,41,Distant Inn,2008-10-13 11:15:07.497000000
356,1004,283,38,Finer Mart,2008-10-13 11:15:07.497000000
357,1006,275,35,Economic Parts Supply,2008-10-13 11:15:07.497000000
358,1008,288,32,Precision Gears Inc.,2008-10-13 11:15:07.497000000
359,1010,282,29,Cross-Country Riding Supplies,2008-10-13 11:15:07.497000000
360,1012,279,26,Stylish Department Stores,2008-10-13 11:15:07.497000000
361,1014,281,23,Bike World,2008-10-13 11:15:07.497000000
362,1016,283,20,Central Discount Store,2008-10-13 11:15:07.497000000
363,1018,275,17,Trusted Catalog Store,2008-10-13 11:15:07.497000000
364,1020,288,14,Bicycle Warehouse Inc.,2008-10-13 11:15:07.497000000
365,1022,282,11,Sharp Bikes,2008-10-13 11:15:07.497000000
366,1024,279,8,Exemplary Cycles,2008-10-13 11:15:07.497000000
367,1026,281,5,Metropolitan Sports Supply,2008-10-13 11:15:07.497000000
368,1028,283,2,Progressive Sports,2008-10-13 11:15:07.497000000
369,1030,279,700,Underglaze and Finish Company,2008-10-13 11:15:07.497000000
370,1032,276,697,Brakes and Gears,2008-10-13 11:15:07.497000000
371,1034,277,694,The Accessories Store,2008-10-13 11:15:07.497000000
372,1036,275,691,Mountain Bike Store,2008-10-13 11:15:07.497000000
373,1038,286,688,Bike Part Wholesalers,2008-10-13 11:15:07.497000000
374,1040,278,685,Family Cycle Store,2008-10-13 11:15:07.497000000
375,1042,286,682,Popular Bike Lines,2008-10-13 11:15:07.497000000
376,1044,278,679,Superb Sales and Repair,2008-10-13 11:15:07.497000000
377,1046,279,676,Better Bike Shop,2008-10-13 11:15:07.497000000
378,1048,276,673,Countryside Company,2008-10-13 11:15:07.497000000
379,1050,277,670,First Bike Store,2008-10-13 11:15:07.497000000
380,1052,275,667,Traditional Department Stores,2008-10-13 11:15:07.497000000
381,1054,286,664,Eastside Cycle Shop,2008-10-13 11:15:07.497000000
382,1056,278,661,General Department Stores,2008-10-13 11:15:07.497000000
383,1058,286,658,Mass Market Bikes,2008-10-13 11:15:07.497000000
384,1060,278,655,Operational Manufacturing,2008-10-13 11:15:07.497000000
385,1062,282,654,Online Bike Warehouse,2008-10-13 11:15:07.497000000
386,1064,279,651,Retread Tire Company,2008-10-13 11:15:07.497000000
387,1066,281,648,Small Bike Shop,2008-10-13 11:15:07.497000000
388,1068,283,645,Superior Hardware Distributors,2008-10-13 11:15:07.497000000
389,1070,275,642,Fitness Sport Boutique,2008-10-13 11:15:07.497000000
390,1072,288,639,Producer Goods Clearinghouse,2008-10-13 11:15:07.497000000
391,1074,275,636,Recreation Systems,2008-10-13 11:15:07.497000000
392,1076,288,633,Rustic Bike Store,2008-10-13 11:15:07.497000000
393,1078,282,630,Eastside Parts Shop,2008-10-13 11:15:07.497000000
394,1080,279,627,Exchange Parts Inc.,2008-10-13 11:15:07.497000000
395,1082,281,624,First Cycle Store,2008-10-13 11:15:07.497000000
396,1084,283,621,Running and Cycling Gear,2008-10-13 11:15:07.497000000
397,1086,275,618,Seventh Bike Store,2008-10-13 11:15:07.497000000
398,1088,288,615,Fast Services,2008-10-13 11:15:07.497000000
399,1090,279,612,General Associates,2008-10-13 11:15:07.497000000
400,1092,276,609,Good Toys,2008-10-13 11:15:07.497000000
401,1094,277,606,Little Bicycle Supply Shop,2008-10-13 11:15:07.497000000
402,1096,279,603,Retail Toy Store,2008-10-13 11:15:07.497000000
403,1098,276,600,Strenuous Exercise Shop,2008-10-13 11:15:07.497000000
404,1100,277,597,All Seasons Sports Supply,2008-10-13 11:15:07.497000000
405,1102,289,412,Leisure Clearing House,2008-10-13 11:15:07.497000000
406,1104,290,409,Outdoor Toy Store,2008-10-13 11:15:07.497000000
407,1106,282,406,The Commissary,2008-10-13 11:15:07.497000000
408,1108,281,403,Affordable Sports Equipment,2008-10-13 11:15:07.497000000
409,1110,277,400,Local Sales and Rental,2008-10-13 11:15:07.497000000
410,1112,282,568,Economy Center,2008-10-13 11:15:07.497000000
411,1114,290,571,Community Department Stores,2008-10-13 11:15:07.497000000
412,1116,289,574,Area Sheet Metal Supply,2008-10-13 11:15:07.497000000
413,1118,280,577,Synthetic Materials Manufacturing,2008-10-13 11:15:07.497000000
414,1120,277,580,Rural Sales and Service,2008-10-13 11:15:07.497000000
415,1122,289,617,Tubeless Tire Company,2008-10-13 11:15:07.497000000
416,1124,280,620,Tires and Tubes,2008-10-13 11:15:07.497000000
417,1126,277,623,Hardware Components,2008-10-13 11:15:07.497000000
418,1128,281,626,Retail Sporting Goods,2008-10-13 11:15:07.497000000
419,1130,282,629,Efficient Cycling,2008-10-13 11:15:07.497000000
420,1132,282,262,General Industries,2008-10-13 11:15:07.497000000
421,1134,281,259,Highway Bike Shop,2008-10-13 11:15:07.497000000
422,1136,277,256,Rental Bikes,2008-10-13 11:15:07.497000000
423,1138,280,253,Roving Sports,2008-10-13 11:15:07.497000000
424,1140,289,250,Express Bike Services,2008-10-13 11:15:07.497000000
425,1142,290,247,Major Amusement Company,2008-10-13 11:15:07.497000000
426,1144,282,244,Retail Discount Store,2008-10-13 11:15:07.497000000
427,1146,281,241,Vale Riding Supplies,2008-10-13 11:15:07.497000000
428,1148,277,238,A Great Bicycle Company,2008-10-13 11:15:07.497000000
429,1150,280,235,Certified Bicycle Supply,2008-10-13 11:15:07.497000000
430,1152,289,232,Exceptional Cycle Services,2008-10-13 11:15:07.497000000
431,1154,290,229,Instant Cycle Store,2008-10-13 11:15:07.497000000
432,1156,282,226,Leisure Activities,2008-10-13 11:15:07.497000000
433,1158,281,223,Paints and Solvents Company,2008-10-13 11:15:07.497000000
434,1160,288,428,West Wind Distributors,2008-10-13 11:15:07.497000000
435,1162,282,425,Bikes for Kids and Adults,2008-10-13 11:15:07.497000000
436,1164,279,422,Consolidated Sales,2008-10-13 11:15:07.497000000
437,1166,278,228,Home Town Bike Store,2008-10-13 11:15:07.497000000
438,1168,279,225,Optimal Bikes,2008-10-13 11:15:07.497000000
439,1170,276,222,Sample Bike Store,2008-10-13 11:15:07.497000000
440,1172,277,219,Extras Sporting Goods,2008-10-13 11:15:07.497000000
441,1174,283,218,Sure & Reliable Sporting Goods,2008-10-13 11:15:07.497000000
442,1176,275,215,Eleventh Bike Store,2008-10-13 11:15:07.497000000
443,1178,288,212,Enterprise Center,2008-10-13 11:15:07.497000000
444,1180,282,209,Purple Bicycle Company,2008-10-13 11:15:07.497000000
445,1182,279,206,New and Used Bicycles,2008-10-13 11:15:07.497000000
446,1184,281,203,Separate Parts Corporation,2008-10-13 11:15:07.497000000
447,1186,283,200,Basic Bike Company,2008-10-13 11:15:07.497000000
448,1188,275,197,Fabrikam Inc., West,2008-10-13 11:15:07.497000000
449,1190,288,194,Mechanical Brake Manufacturers,2008-10-13 11:15:07.497000000
450,1192,282,191,Non-Slip Pedal Company,2008-10-13 11:15:07.497000000
451,1194,279,188,Variety Bike Outlet,2008-10-13 11:15:07.497000000
452,1196,281,185,Weekend Bike Tours,2008-10-13 11:15:07.497000000
453,1198,288,482,Fabrikam Inc., East,2008-10-13 11:15:07.497000000
454,1200,282,479,General Supplies,2008-10-13 11:15:07.497000000
455,1202,279,476,Noiseless Gear Company,2008-10-13 11:15:07.497000000
456,1204,281,473,Racing Toys,2008-10-13 11:15:07.497000000
457,1206,280,397,Capable Sales and Service,2008-10-13 11:15:07.497000000
458,1208,289,394,Little Sports Center,2008-10-13 11:15:07.497000000
459,1210,290,391,Pretty Bikes and Toys,2008-10-13 11:15:07.497000000
460,1212,282,388,Road Way Sales and Rental,2008-10-13 11:15:07.497000000
461,1214,281,385,Sturdy Toys,2008-10-13 11:15:07.497000000
462,1216,277,382,Beneficial Exercises and Activities,2008-10-13 11:15:07.497000000
463,1218,280,379,Fad Outlet,2008-10-13 11:15:07.497000000
464,1220,289,376,Commerce Bicycle Specialists,2008-10-13 11:15:07.497000000
465,1222,290,373,Township Inn,2008-10-13 11:15:07.497000000
466,1224,282,370,Acceptable Sales & Service,2008-10-13 11:15:07.497000000
467,1226,281,367,Brown Bicycle Company,2008-10-13 11:15:07.497000000
468,1228,277,364,District Mall,2008-10-13 11:15:07.497000000
469,1230,280,361,Fitness Supplies,2008-10-13 11:15:07.497000000
470,1232,289,358,Mail Market,2008-10-13 11:15:07.497000000
471,1234,290,355,Spare Parts Co.,2008-10-13 11:15:07.497000000
472,1236,282,352,Twelfth Bike Store,2008-10-13 11:15:07.497000000
473,1238,278,552,Consolidated Messenger,2008-10-13 11:15:07.497000000
474,1240,279,549,Daring Rides,2008-10-13 11:15:07.497000000
475,1242,276,546,Field Trip Store,2008-10-13 11:15:07.497000000
476,1244,281,545,Finish and Sealant Products,2008-10-13 11:15:07.497000000
477,1246,283,542,Finer Parts Shop,2008-10-13 11:15:07.497000000
478,1248,275,539,Glossy Bikes,2008-10-13 11:15:07.497000000
479,1250,288,536,Next Door Cycles,2008-10-13 11:15:07.497000000
480,1252,282,100,Up-To-Date Sports,2008-10-13 11:15:07.497000000
481,1254,281,97,Mountain Bike Center,2008-10-13 11:15:07.497000000
482,1256,277,94,Specialty Sports Store,2008-10-13 11:15:07.497000000
483,1258,280,91,Scooters and Bikes Store,2008-10-13 11:15:07.497000000
484,1260,289,88,Closest Bicycle Store,2008-10-13 11:15:07.497000000
485,1262,290,85,Roadway Bicycle Supply,2008-10-13 11:15:07.497000000
486,1264,282,82,Refined Department Stores,2008-10-13 11:15:07.497000000
487,1266,281,79,Reasonable Bicycle Sales,2008-10-13 11:15:07.497000000
488,1268,277,76,Out-of-the-Way Hotels,2008-10-13 11:15:07.497000000
489,1270,280,73,Outdoor Sports Supply,2008-10-13 11:15:07.497000000
490,1272,289,70,Outdoor Aerobic Systems Company,2008-10-13 11:15:07.497000000
491,1274,290,67,Self-Contained Cycle Parts Company,2008-10-13 11:15:07.497000000
492,1276,282,64,Metal Clearing House,2008-10-13 11:15:07.497000000
493,1278,281,61,Many Bikes Store,2008-10-13 11:15:07.497000000
494,1280,277,58,Largest Bike Store,2008-10-13 11:15:07.497000000
495,1282,280,55,Kickstands and Accessories Company,2008-10-13 11:15:07.497000000
496,1284,289,52,Instruments and Parts Company,2008-10-13 11:15:07.497000000
497,1286,290,49,Neighborhood Bicycle Storehouse,2008-10-13 11:15:07.497000000
498,1288,282,46,Gear-Shift Bikes Limited,2008-10-13 11:15:07.497000000
499,1290,281,43,Frugal Bike Shop,2008-10-13 11:15:07.497000000
500,1292,280,181,Family Entertainment Center,2008-10-13 11:15:07.497000000
501,1294,277,184,Go-cart and Bike Specialists,2008-10-13 11:15:07.497000000
502,1296,281,187,Trailblazing Sports,2008-10-13 11:15:07.497000000
503,1298,282,190,Racing Partners,2008-10-13 11:15:07.497000000
504,1300,290,193,Perfect Toys,2008-10-13 11:15:07.497000000
505,1302,289,196,Exhibition Showroom,2008-10-13 11:15:07.497000000
506,1304,280,199,Authorized Bike Sales and Rental,2008-10-13 11:15:07.497000000
507,1306,277,202,Two-Seater Bikes,2008-10-13 11:15:07.497000000
508,1308,276,96,More Bikes!,2008-10-13 11:15:07.497000000
509,1310,279,99,Unified Sports Company,2008-10-13 11:15:07.497000000
510,1312,278,102,National Manufacturing,2008-10-13 11:15:07.497000000
511,1314,286,105,Volume Bike Sellers,2008-10-13 11:15:07.497000000
512,1316,275,108,Wheelsets Storehouse,2008-10-13 11:15:07.497000000
513,1318,277,112,Town Industries,2008-10-13 11:15:07.497000000
514,1320,281,115,Security Racks and Locks Wholesalers,2008-10-13 11:15:07.497000000
515,1322,282,118,Rapid Bikes,2008-10-13 11:15:07.497000000
516,1324,290,121,Metro Sports Equipment,2008-10-13 11:15:07.497000000
517,1326,289,124,Nearby Sporting Goods,2008-10-13 11:15:07.497000000
518,1328,280,127,Front Sporting Goods,2008-10-13 11:15:07.497000000
519,1330,277,130,Elite Bikes,2008-10-13 11:15:07.497000000
520,1332,275,18,Catalog Store,2008-10-13 11:15:07.497000000
521,1334,277,21,Chic Department Stores,2008-10-13 11:15:07.497000000
522,1336,276,24,Eastside Department Store,2008-10-13 11:15:07.497000000
523,1338,279,27,Sports Sales and Rental,2008-10-13 11:15:07.497000000
524,1340,278,30,Cycle Merchants,2008-10-13 11:15:07.497000000
525,1342,286,33,Global Sports Outlet,2008-10-13 11:15:07.497000000
526,1344,275,36,Exotic Bikes,2008-10-13 11:15:07.497000000
527,1346,277,39,Fitness Hotel,2008-10-13 11:15:07.497000000
528,1348,276,42,Healthy Activity Store,2008-10-13 11:15:07.497000000
529,1350,279,45,Every Bike Shop,2008-10-13 11:15:07.497000000
530,1352,278,48,Grand Industries,2008-10-13 11:15:07.497000000
531,1354,286,51,Ideal Components,2008-10-13 11:15:07.497000000
532,1356,275,54,Larger Cycle Shop,2008-10-13 11:15:07.497000000
533,1358,277,57,Leading Sales & Repair,2008-10-13 11:15:07.497000000
534,1360,276,60,Main Bicycle Services,2008-10-13 11:15:07.497000000
535,1362,279,63,Metro Bike Mart,2008-10-13 11:15:07.497000000
536,1364,278,631,Tandem Sales and Service,2008-10-13 11:15:07.497000000
537,1366,286,634,Sensible Sports,2008-10-13 11:15:07.497000000
538,1368,278,637,Reliable Retail Center,2008-10-13 11:15:07.497000000
539,1370,286,640,Liquidation Sales,2008-10-13 11:15:07.497000000
540,1372,275,643,Friendly Bike Shop,2008-10-13 11:15:07.497000000
541,1374,277,646,Yellow Bicycle Company,2008-10-13 11:15:07.497000000
542,1376,276,649,Sports Products Store,2008-10-13 11:15:07.497000000
543,1378,279,652,Selected Distributors,2008-10-13 11:15:07.497000000
544,1380,290,656,Impervious Paint Company,2008-10-13 11:15:07.497000000
545,1382,289,659,Shipping Specialists,2008-10-13 11:15:07.497000000
546,1384,290,662,Finer Sporting Goods,2008-10-13 11:15:07.497000000
547,1386,289,665,Authentic Sales and Service,2008-10-13 11:15:07.497000000
548,1388,280,668,Official Parts Shop,2008-10-13 11:15:07.497000000
549,1390,277,671,Contoso, Ltd.,2008-10-13 11:15:07.497000000
550,1392,281,674,Discount Tours,2008-10-13 11:15:07.497000000
551,1394,282,677,Tire Exchange,2008-10-13 11:15:07.497000000
552,1396,290,680,Racing Tours,2008-10-13 11:15:07.497000000
553,1398,289,683,Oils and Fluids Warehouse,2008-10-13 11:15:07.497000000
554,1400,290,686,Finished Parts Shop,2008-10-13 11:15:07.497000000
555,1402,289,689,Consumer Equipment,2008-10-13 11:15:07.497000000
556,1404,281,205,Rally Master Company Inc,2008-10-13 11:15:07.497000000
557,1406,282,208,Professional Cyclists,2008-10-13 11:15:07.497000000
558,1408,290,211,Sports Products Store,2008-10-13 11:15:07.497000000
559,1410,289,214,Exclusive Bicycle Mart,2008-10-13 11:15:07.497000000
560,1412,280,217,City Manufacturing,2008-10-13 11:15:07.497000000
561,1414,281,221,Bike Dealers Association,2008-10-13 11:15:07.497000000
562,1416,279,224,Pedal Systems Company,2008-10-13 11:15:07.497000000
563,1418,282,227,Health Spa, Limited,2008-10-13 11:15:07.497000000
564,1420,288,230,Global Bike Retailers,2008-10-13 11:15:07.497000000
565,1422,275,233,Fashionable Department Stores,2008-10-13 11:15:07.497000000
566,1424,283,236,Closeout Boutique,2008-10-13 11:15:07.497000000
567,1426,281,239,Bicycle Merchandise Warehouse,2008-10-13 11:15:07.497000000
568,1428,279,242,Spoke Manufacturers,2008-10-13 11:15:07.497000000
569,1430,282,245,Leather Seat Factory,2008-10-13 11:15:07.497000000
570,1432,288,248,Good Bicycle Store,2008-10-13 11:15:07.497000000
571,1434,275,251,Endurance Bikes,2008-10-13 11:15:07.497000000
572,1436,277,562,Practical Bike Supply Company,2008-10-13 11:15:07.497000000
573,1438,280,559,Some Discount Store,2008-10-13 11:15:07.497000000
574,1440,289,556,Variety Cycling,2008-10-13 11:15:07.497000000
575,1442,290,553,Accessories Network,2008-10-13 11:15:07.497000000
576,1444,282,550,Remote Bicycle Specialists,2008-10-13 11:15:07.497000000
577,1446,281,547,Curbside Sporting Goods,2008-10-13 11:15:07.497000000
578,1448,277,543,Friendly Neighborhood Bikes,2008-10-13 11:15:07.497000000
579,1450,275,540,Guaranteed Sales and Service,2008-10-13 11:15:07.497000000
580,1452,286,537,Preferable Bikes,2008-10-13 11:15:07.497000000
581,1454,278,534,Recommended Bicycles,2008-10-13 11:15:07.497000000
582,1456,279,531,Sunny Place Bikes,2008-10-13 11:15:07.497000000
583,1458,276,528,Alpine Ski House,2008-10-13 11:15:07.497000000
584,1460,279,525,Cycles and Scooters,2008-10-13 11:15:07.497000000
585,1462,275,522,Small Bike Accessories Shop,2008-10-13 11:15:07.497000000
586,1464,286,519,List Price Catalog Company,2008-10-13 11:15:07.497000000
587,1466,278,516,Seats and Saddles Company,2008-10-13 11:15:07.497000000
588,1468,279,513,Village Tours,2008-10-13 11:15:07.497000000
589,1470,280,325,All Cycle Shop,2008-10-13 11:15:07.497000000
590,1472,289,322,Tachometers and Accessories,2008-10-13 11:15:07.497000000
591,1474,290,319,Cycles Sales and Repair,2008-10-13 11:15:07.497000000
592,1476,282,316,Low Price Cycles,2008-10-13 11:15:07.497000000
593,1478,281,313,Metropolitan Manufacturing,2008-10-13 11:15:07.497000000
594,1480,277,310,Orange Bicycle Company,2008-10-13 11:15:07.497000000
595,1482,280,307,Riding Associates,2008-10-13 11:15:07.497000000
596,1484,289,304,Essential Bike Works,2008-10-13 11:15:07.497000000
597,1486,290,301,Rural Mountain Bike Mart,2008-10-13 11:15:07.497000000
598,1488,282,298,City Cycling,2008-10-13 11:15:07.497000000
599,1490,281,295,Engineered Bike Systems,2008-10-13 11:15:07.497000000
600,1796,281,583,Professional Containers and Packaging Co.,2008-10-13 11:15:07.497000000
601,1798,282,586,One Bike Company,2008-10-13 11:15:07.497000000
602,1800,290,589,Hiatus Bike Tours,2008-10-13 11:15:07.497000000
603,1802,289,592,Cycling Goods,2008-10-13 11:15:07.497000000
604,1804,280,595,Cycle Clearance,2008-10-13 11:15:07.497000000
605,1806,277,598,Black Bicycle Company,2008-10-13 11:15:07.497000000
606,1808,281,601,Transport Bikes,2008-10-13 11:15:07.497000000
607,1810,280,604,Sellers of Cycles,2008-10-13 11:15:07.497000000
608,1812,277,607,Maintenance and Repair for Bicycles,2008-10-13 11:15:07.497000000
609,1814,281,610,Fitness Department Stores,2008-10-13 11:15:07.497000000
610,1816,278,613,Famous Bike Shop,2008-10-13 11:15:07.497000000
611,1818,286,616,Eastward Bike Accessories,2008-10-13 11:15:07.497000000
612,1820,275,619,Strong Metal Manufacturing,2008-10-13 11:15:07.497000000
613,1822,277,622,Gift and Toy Store,2008-10-13 11:15:07.497000000
614,1824,276,625,Major Sporting Goods,2008-10-13 11:15:07.497000000
615,1826,279,628,Executive Discount Store,2008-10-13 11:15:07.497000000
616,1828,282,478,Major Cycling,2008-10-13 11:15:07.497000000
617,1830,290,481,Getaway Inn,2008-10-13 11:15:07.497000000
618,1832,289,484,Downhill Bicycle Specialists,2008-10-13 11:15:07.497000000
619,1834,280,487,Bike Experts,2008-10-13 11:15:07.497000000
620,1836,277,490,Extraordinary Bike Works,2008-10-13 11:15:07.497000000
621,1838,281,493,Valley Bicycle Distributors,2008-10-13 11:15:07.497000000
622,1840,282,496,Top Sports Supply,2008-10-13 11:15:07.497000000
623,1842,290,499,Racing Sales and Service,2008-10-13 11:15:07.497000000
624,1844,289,502,Metropolitan Bicycle Supply,2008-10-13 11:15:07.497000000
625,1846,280,505,Honest Repair Service,2008-10-13 11:15:07.497000000
626,1848,277,508,Designer Department Stores,2008-10-13 11:15:07.497000000
627,1850,281,511,Wheel Gallery,2008-10-13 11:15:07.497000000
628,1852,278,372,Top Bike Market,2008-10-13 11:15:07.497000000
629,1854,286,375,Region Bike Company,2008-10-13 11:15:07.497000000
630,1856,275,378,Grown-up Bike Store,2008-10-13 11:15:07.497000000
631,1858,277,381,Bicycle Lines Distributors,2008-10-13 11:15:07.497000000
632,1860,276,384,Sparkling Paint and Finishes,2008-10-13 11:15:07.497000000
633,1862,279,387,Racing Association,2008-10-13 11:15:07.497000000
634,1864,278,390,Plastic Parts Company,2008-10-13 11:15:07.497000000
635,1866,286,393,Gears and Parts Company,2008-10-13 11:15:07.497000000
636,1868,275,396,Executive Gift Store,2008-10-13 11:15:07.497000000
637,1870,277,399,Big Cycle Mall,2008-10-13 11:15:07.497000000
638,1872,279,134,Budget Bike Company,2008-10-13 11:15:07.497000000
639,1874,281,131,Eighth Bike Store,2008-10-13 11:15:07.497000000
640,1876,283,128,Demand Distributors,2008-10-13 11:15:07.497000000
641,1878,275,125,Immediate Repair Shop,2008-10-13 11:15:07.497000000
642,1880,288,122,Off-Price Bike Center,2008-10-13 11:15:07.497000000
643,1882,282,119,Red Bicycle Company,2008-10-13 11:15:07.497000000
644,1884,279,116,Retirement Activities Association,2008-10-13 11:15:07.497000000
645,1886,281,113,Trendy Department Stores,2008-10-13 11:15:07.497000000
646,1888,283,110,Vintage Sport Boutique,2008-10-13 11:15:07.497000000
647,1890,280,109,Travel Sports,2008-10-13 11:15:07.497000000
648,1892,289,106,West Side Mart,2008-10-13 11:15:07.497000000
649,1894,290,103,The Bike Outlet,2008-10-13 11:15:07.497000000
650,1896,282,533,Tenth Bike Store,2008-10-13 11:15:07.497000000
651,1898,279,530,Valuable Bike Parts Company,2008-10-13 11:15:07.497000000
652,1900,281,527,Fun Times Club,2008-10-13 11:15:07.497000000
653,1902,279,524,Chain and Chain Tool Distributions,2008-10-13 11:15:07.497000000
654,1904,275,521,Mobile Outlet,2008-10-13 11:15:07.497000000
655,1906,288,518,Regional Cycle Shop,2008-10-13 11:15:07.497000000
656,1908,282,515,Rural Bicycle Supply,2008-10-13 11:15:07.497000000
657,1910,283,470,Wingtip Toys,2008-10-13 11:15:07.497000000
658,1912,275,467,The Cycle Store,2008-10-13 11:15:07.497000000
659,1914,288,464,Educational Services,2008-10-13 11:15:07.497000000
660,1916,282,461,Active Life Toys,2008-10-13 11:15:07.497000000
661,1918,279,458,Simple Bike Parts,2008-10-13 11:15:07.497000000
662,1920,281,455,Timely Shipping Service,2008-10-13 11:15:07.497000000
663,1922,283,452,A Cycle Shop,2008-10-13 11:15:07.497000000
664,1924,275,449,Bike Products and Accessories,2008-10-13 11:15:07.497000000
665,1926,288,446,Fitness Toys,2008-10-13 11:15:07.497000000
666,1928,278,282,Quick Parts and Service,2008-10-13 11:15:07.497000000
667,1930,279,279,Reliable Brake Systems,2008-10-13 11:15:07.497000000
668,1932,276,276,Thrifty Parts and Sales,2008-10-13 11:15:07.497000000
669,1934,277,273,A Typical Bike Shop,2008-10-13 11:15:07.497000000
670,1936,275,270,Active Transport Inc.,2008-10-13 11:15:07.497000000
671,1938,286,267,Cycle Parts and Accessories,2008-10-13 11:15:07.497000000
672,1940,278,264,Fasteners & Bolts Outlet,2008-10-13 11:15:07.497000000
673,1942,279,261,Functional Store North,2008-10-13 11:15:07.497000000
674,1944,276,258,Quantity Discounts,2008-10-13 11:15:07.497000000
675,1946,277,255,Swift Cycles,2008-10-13 11:15:07.497000000
676,1948,275,252,Classic Cycle Store,2008-10-13 11:15:07.497000000
677,1950,286,249,Helpful Sales and Repair Service ,2008-10-13 11:15:07.497000000
678,1952,278,246,Large Bike Shop,2008-10-13 11:15:07.497000000
679,1954,279,243,Recreation Supplies,2008-10-13 11:15:07.497000000
680,1956,276,240,Wire Baskets and Parts,2008-10-13 11:15:07.497000000
681,1958,290,632,Ultimate Bicycle Company,2008-10-13 11:15:07.497000000
682,1960,289,635,Sports Store,2008-10-13 11:15:07.497000000
683,1962,290,638,Metropolitan Equipment,2008-10-13 11:15:07.497000000
684,1964,289,641,Extended Tours,2008-10-13 11:15:07.497000000
685,1966,280,644,Convenient Sales and Service,2008-10-13 11:15:07.497000000
686,1968,277,647,Solid Bike Parts,2008-10-13 11:15:07.497000000
687,1970,281,650,Permanent Finish Products,2008-10-13 11:15:07.497000000
688,1972,282,653,Mercantile Outlet,2008-10-13 11:15:07.497000000
689,1974,288,657,Links Works,2008-10-13 11:15:07.497000000
690,1976,275,660,Exhilarating Cycles,2008-10-13 11:15:07.497000000
691,1978,281,349,Exercise Center,2008-10-13 11:15:07.497000000
692,1980,277,346,Great Bicycle Supply,2008-10-13 11:15:07.497000000
693,1982,280,343,Mail-Order Outlet,2008-10-13 11:15:07.497000000
694,1984,289,340,Nearby Cycle Shop,2008-10-13 11:15:07.497000000
695,1986,290,337,Recreation Toy Store,2008-10-13 11:15:07.497000000
696,1988,282,334,Retreat Inn,2008-10-13 11:15:07.497000000
697,1990,281,331,Technical Parts Manufacturing,2008-10-13 11:15:07.497000000
698,1992,277,328,Totes & Baskets Company,2008-10-13 11:15:07.497000000
699,1994,277,327,World of Bikes,2008-10-13 11:15:07.497000000
700,2051,275,324,A Bicycle Association,2008-10-13 11:15:07.497000000
